Accident_ID,Severity
1,Highly_Fatal_And_Damaging
10,Significant_Damage_And_Fatalities
14,Highly_Fatal_And_Damaging
17,Highly_Fatal_And_Damaging
21,Highly_Fatal_And_Damaging
40,Significant_Damage_And_Fatalities
45,Significant_Damage_And_Fatalities
50,Highly_Fatal_And_Damaging
52,Highly_Fatal_And_Damaging
85,Significant_Damage_And_Serious_Injuries
95,Minor_Damage_And_Injuries
106,Highly_Fatal_And_Damaging
111,Significant_Damage_And_Serious_Injuries
123,Significant_Damage_And_Fatalities
129,Minor_Damage_And_Injuries
130,Highly_Fatal_And_Damaging
132,Highly_Fatal_And_Damaging
137,Minor_Damage_And_Injuries
159,Significant_Damage_And_Fatalities
161,Highly_Fatal_And_Damaging
162,Highly_Fatal_And_Damaging
166,Highly_Fatal_And_Damaging
170,Highly_Fatal_And_Damaging
173,Highly_Fatal_And_Damaging
177,Significant_Damage_And_Serious_Injuries
180,Significant_Damage_And_Serious_Injuries
182,Highly_Fatal_And_Damaging
183,Highly_Fatal_And_Damaging
184,Highly_Fatal_And_Damaging
188,Significant_Damage_And_Serious_Injuries
190,Highly_Fatal_And_Damaging
191,Significant_Damage_And_Fatalities
201,Significant_Damage_And_Fatalities
203,Highly_Fatal_And_Damaging
206,Significant_Damage_And_Fatalities
217,Significant_Damage_And_Serious_Injuries
220,Highly_Fatal_And_Damaging
221,Minor_Damage_And_Injuries
225,Highly_Fatal_And_Damaging
229,Significant_Damage_And_Fatalities
231,Minor_Damage_And_Injuries
232,Highly_Fatal_And_Damaging
234,Minor_Damage_And_Injuries
236,Highly_Fatal_And_Damaging
237,Minor_Damage_And_Injuries
240,Highly_Fatal_And_Damaging
245,Significant_Damage_And_Fatalities
250,Minor_Damage_And_Injuries
252,Highly_Fatal_And_Damaging
254,Highly_Fatal_And_Damaging
261,Highly_Fatal_And_Damaging
265,Significant_Damage_And_Fatalities
266,Minor_Damage_And_Injuries
271,Significant_Damage_And_Serious_Injuries
273,Significant_Damage_And_Fatalities
274,Significant_Damage_And_Fatalities
275,Highly_Fatal_And_Damaging
280,Minor_Damage_And_Injuries
285,Minor_Damage_And_Injuries
292,Significant_Damage_And_Fatalities
304,Minor_Damage_And_Injuries
311,Significant_Damage_And_Fatalities
316,Significant_Damage_And_Fatalities
317,Significant_Damage_And_Fatalities
318,Significant_Damage_And_Serious_Injuries
321,Highly_Fatal_And_Damaging
322,Highly_Fatal_And_Damaging
327,Minor_Damage_And_Injuries
332,Highly_Fatal_And_Damaging
338,Significant_Damage_And_Serious_Injuries
356,Highly_Fatal_And_Damaging
364,Highly_Fatal_And_Damaging
372,Highly_Fatal_And_Damaging
379,Significant_Damage_And_Serious_Injuries
380,Highly_Fatal_And_Damaging
384,Highly_Fatal_And_Damaging
388,Significant_Damage_And_Fatalities
390,Minor_Damage_And_Injuries
401,Minor_Damage_And_Injuries
408,Highly_Fatal_And_Damaging
413,Highly_Fatal_And_Damaging
416,Minor_Damage_And_Injuries
426,Highly_Fatal_And_Damaging
428,Significant_Damage_And_Fatalities
432,Significant_Damage_And_Fatalities
433,Significant_Damage_And_Serious_Injuries
437,Significant_Damage_And_Fatalities
440,Significant_Damage_And_Fatalities
444,Significant_Damage_And_Fatalities
447,Minor_Damage_And_Injuries
451,Significant_Damage_And_Serious_Injuries
461,Highly_Fatal_And_Damaging
469,Significant_Damage_And_Fatalities
470,Minor_Damage_And_Injuries
481,Significant_Damage_And_Fatalities
483,Highly_Fatal_And_Damaging
490,Significant_Damage_And_Fatalities
491,Highly_Fatal_And_Damaging
494,Highly_Fatal_And_Damaging
495,Significant_Damage_And_Serious_Injuries
497,Significant_Damage_And_Fatalities
504,Significant_Damage_And_Fatalities
509,Highly_Fatal_And_Damaging
511,Significant_Damage_And_Fatalities
513,Highly_Fatal_And_Damaging
514,Significant_Damage_And_Fatalities
518,Significant_Damage_And_Serious_Injuries
520,Highly_Fatal_And_Damaging
526,Significant_Damage_And_Fatalities
529,Significant_Damage_And_Fatalities
530,Significant_Damage_And_Fatalities
532,Significant_Damage_And_Fatalities
536,Highly_Fatal_And_Damaging
543,Significant_Damage_And_Serious_Injuries
553,Highly_Fatal_And_Damaging
559,Minor_Damage_And_Injuries
561,Minor_Damage_And_Injuries
563,Highly_Fatal_And_Damaging
566,Highly_Fatal_And_Damaging
593,Minor_Damage_And_Injuries
595,Highly_Fatal_And_Damaging
597,Minor_Damage_And_Injuries
602,Highly_Fatal_And_Damaging
604,Significant_Damage_And_Serious_Injuries
615,Highly_Fatal_And_Damaging
617,Significant_Damage_And_Serious_Injuries
618,Significant_Damage_And_Serious_Injuries
622,Minor_Damage_And_Injuries
626,Highly_Fatal_And_Damaging
633,Minor_Damage_And_Injuries
636,Minor_Damage_And_Injuries
642,Significant_Damage_And_Serious_Injuries
648,Significant_Damage_And_Serious_Injuries
651,Highly_Fatal_And_Damaging
653,Highly_Fatal_And_Damaging
658,Significant_Damage_And_Fatalities
659,Minor_Damage_And_Injuries
660,Highly_Fatal_And_Damaging
662,Highly_Fatal_And_Damaging
665,Highly_Fatal_And_Damaging
674,Significant_Damage_And_Fatalities
676,Highly_Fatal_And_Damaging
682,Highly_Fatal_And_Damaging
686,Highly_Fatal_And_Damaging
687,Highly_Fatal_And_Damaging
692,Minor_Damage_And_Injuries
699,Highly_Fatal_And_Damaging
703,Significant_Damage_And_Fatalities
706,Significant_Damage_And_Fatalities
708,Minor_Damage_And_Injuries
714,Highly_Fatal_And_Damaging
719,Minor_Damage_And_Injuries
721,Significant_Damage_And_Fatalities
725,Highly_Fatal_And_Damaging
728,Highly_Fatal_And_Damaging
733,Highly_Fatal_And_Damaging
735,Highly_Fatal_And_Damaging
736,Significant_Damage_And_Serious_Injuries
745,Minor_Damage_And_Injuries
762,Significant_Damage_And_Serious_Injuries
768,Significant_Damage_And_Fatalities
773,Highly_Fatal_And_Damaging
777,Significant_Damage_And_Serious_Injuries
781,Significant_Damage_And_Fatalities
782,Highly_Fatal_And_Damaging
797,Significant_Damage_And_Serious_Injuries
801,Highly_Fatal_And_Damaging
815,Significant_Damage_And_Fatalities
818,Highly_Fatal_And_Damaging
824,Highly_Fatal_And_Damaging
832,Significant_Damage_And_Serious_Injuries
834,Highly_Fatal_And_Damaging
842,Significant_Damage_And_Fatalities
850,Minor_Damage_And_Injuries
855,Significant_Damage_And_Fatalities
860,Significant_Damage_And_Fatalities
865,Highly_Fatal_And_Damaging
867,Significant_Damage_And_Fatalities
868,Significant_Damage_And_Fatalities
873,Significant_Damage_And_Serious_Injuries
876,Highly_Fatal_And_Damaging
882,Minor_Damage_And_Injuries
886,Highly_Fatal_And_Damaging
887,Highly_Fatal_And_Damaging
888,Minor_Damage_And_Injuries
889,Highly_Fatal_And_Damaging
898,Highly_Fatal_And_Damaging
902,Highly_Fatal_And_Damaging
908,Highly_Fatal_And_Damaging
909,Significant_Damage_And_Fatalities
914,Highly_Fatal_And_Damaging
927,Significant_Damage_And_Serious_Injuries
940,Significant_Damage_And_Fatalities
944,Minor_Damage_And_Injuries
950,Highly_Fatal_And_Damaging
951,Highly_Fatal_And_Damaging
953,Highly_Fatal_And_Damaging
956,Highly_Fatal_And_Damaging
967,Significant_Damage_And_Fatalities
977,Minor_Damage_And_Injuries
978,Minor_Damage_And_Injuries
979,Minor_Damage_And_Injuries
982,Significant_Damage_And_Fatalities
989,Significant_Damage_And_Fatalities
990,Significant_Damage_And_Fatalities
999,Highly_Fatal_And_Damaging
1005,Significant_Damage_And_Serious_Injuries
1011,Minor_Damage_And_Injuries
1013,Highly_Fatal_And_Damaging
1015,Highly_Fatal_And_Damaging
1018,Significant_Damage_And_Fatalities
1021,Significant_Damage_And_Fatalities
1022,Minor_Damage_And_Injuries
1024,Highly_Fatal_And_Damaging
1025,Significant_Damage_And_Fatalities
1031,Highly_Fatal_And_Damaging
1036,Significant_Damage_And_Fatalities
1048,Minor_Damage_And_Injuries
1050,Highly_Fatal_And_Damaging
1055,Minor_Damage_And_Injuries
1057,Significant_Damage_And_Fatalities
1072,Minor_Damage_And_Injuries
1075,Minor_Damage_And_Injuries
1082,Highly_Fatal_And_Damaging
1102,Significant_Damage_And_Serious_Injuries
1103,Significant_Damage_And_Serious_Injuries
1109,Significant_Damage_And_Serious_Injuries
1114,Significant_Damage_And_Fatalities
1116,Significant_Damage_And_Fatalities
1123,Highly_Fatal_And_Damaging
1127,Significant_Damage_And_Fatalities
1135,Significant_Damage_And_Fatalities
1143,Highly_Fatal_And_Damaging
1144,Significant_Damage_And_Serious_Injuries
1147,Highly_Fatal_And_Damaging
1149,Minor_Damage_And_Injuries
1155,Highly_Fatal_And_Damaging
1158,Highly_Fatal_And_Damaging
1160,Highly_Fatal_And_Damaging
1164,Highly_Fatal_And_Damaging
1170,Significant_Damage_And_Fatalities
1175,Significant_Damage_And_Fatalities
1179,Highly_Fatal_And_Damaging
1186,Highly_Fatal_And_Damaging
1193,Highly_Fatal_And_Damaging
1197,Highly_Fatal_And_Damaging
1198,Significant_Damage_And_Fatalities
1207,Highly_Fatal_And_Damaging
1213,Significant_Damage_And_Fatalities
1217,Highly_Fatal_And_Damaging
1226,Highly_Fatal_And_Damaging
1227,Highly_Fatal_And_Damaging
1234,Minor_Damage_And_Injuries
1238,Significant_Damage_And_Serious_Injuries
1240,Highly_Fatal_And_Damaging
1242,Highly_Fatal_And_Damaging
1250,Significant_Damage_And_Fatalities
1251,Highly_Fatal_And_Damaging
1256,Highly_Fatal_And_Damaging
1258,Significant_Damage_And_Fatalities
1269,Significant_Damage_And_Fatalities
1270,Significant_Damage_And_Serious_Injuries
1271,Highly_Fatal_And_Damaging
1272,Significant_Damage_And_Fatalities
1279,Minor_Damage_And_Injuries
1282,Minor_Damage_And_Injuries
1284,Significant_Damage_And_Fatalities
1285,Minor_Damage_And_Injuries
1286,Minor_Damage_And_Injuries
1294,Minor_Damage_And_Injuries
1305,Minor_Damage_And_Injuries
1310,Significant_Damage_And_Fatalities
1312,Significant_Damage_And_Fatalities
1325,Highly_Fatal_And_Damaging
1333,Significant_Damage_And_Serious_Injuries
1343,Highly_Fatal_And_Damaging
1347,Highly_Fatal_And_Damaging
1348,Significant_Damage_And_Fatalities
1350,Minor_Damage_And_Injuries
1355,Significant_Damage_And_Fatalities
1357,Significant_Damage_And_Serious_Injuries
1371,Significant_Damage_And_Serious_Injuries
1378,Minor_Damage_And_Injuries
1393,Minor_Damage_And_Injuries
1398,Highly_Fatal_And_Damaging
1405,Significant_Damage_And_Fatalities
1406,Minor_Damage_And_Injuries
1407,Significant_Damage_And_Serious_Injuries
1421,Highly_Fatal_And_Damaging
1431,Significant_Damage_And_Fatalities
1432,Minor_Damage_And_Injuries
1437,Significant_Damage_And_Fatalities
1439,Highly_Fatal_And_Damaging
1440,Significant_Damage_And_Serious_Injuries
1441,Highly_Fatal_And_Damaging
1442,Highly_Fatal_And_Damaging
1448,Significant_Damage_And_Fatalities
1450,Significant_Damage_And_Fatalities
1453,Significant_Damage_And_Serious_Injuries
1454,Highly_Fatal_And_Damaging
1460,Significant_Damage_And_Serious_Injuries
1461,Highly_Fatal_And_Damaging
1473,Highly_Fatal_And_Damaging
1481,Minor_Damage_And_Injuries
1488,Significant_Damage_And_Fatalities
1499,Minor_Damage_And_Injuries
1502,Significant_Damage_And_Fatalities
1505,Significant_Damage_And_Serious_Injuries
1511,Significant_Damage_And_Serious_Injuries
1516,Highly_Fatal_And_Damaging
1523,Highly_Fatal_And_Damaging
1527,Highly_Fatal_And_Damaging
1560,Highly_Fatal_And_Damaging
1566,Significant_Damage_And_Serious_Injuries
1567,Highly_Fatal_And_Damaging
1568,Highly_Fatal_And_Damaging
1569,Significant_Damage_And_Fatalities
1570,Highly_Fatal_And_Damaging
1576,Minor_Damage_And_Injuries
1589,Highly_Fatal_And_Damaging
1592,Highly_Fatal_And_Damaging
1598,Highly_Fatal_And_Damaging
1599,Significant_Damage_And_Serious_Injuries
1600,Highly_Fatal_And_Damaging
1607,Highly_Fatal_And_Damaging
1608,Minor_Damage_And_Injuries
1611,Significant_Damage_And_Fatalities
1613,Significant_Damage_And_Fatalities
1623,Minor_Damage_And_Injuries
1647,Minor_Damage_And_Injuries
1649,Highly_Fatal_And_Damaging
1658,Highly_Fatal_And_Damaging
1662,Highly_Fatal_And_Damaging
1668,Highly_Fatal_And_Damaging
1676,Highly_Fatal_And_Damaging
1678,Significant_Damage_And_Fatalities
1682,Highly_Fatal_And_Damaging
1690,Minor_Damage_And_Injuries
1701,Highly_Fatal_And_Damaging
1710,Significant_Damage_And_Fatalities
1723,Minor_Damage_And_Injuries
1725,Significant_Damage_And_Fatalities
1747,Highly_Fatal_And_Damaging
1748,Significant_Damage_And_Fatalities
1754,Highly_Fatal_And_Damaging
1756,Minor_Damage_And_Injuries
1757,Significant_Damage_And_Serious_Injuries
1770,Minor_Damage_And_Injuries
1774,Highly_Fatal_And_Damaging
1776,Significant_Damage_And_Serious_Injuries
1789,Highly_Fatal_And_Damaging
1794,Significant_Damage_And_Fatalities
1804,Significant_Damage_And_Fatalities
1806,Minor_Damage_And_Injuries
1807,Minor_Damage_And_Injuries
1811,Significant_Damage_And_Serious_Injuries
1814,Significant_Damage_And_Fatalities
1826,Significant_Damage_And_Serious_Injuries
1832,Highly_Fatal_And_Damaging
1835,Significant_Damage_And_Serious_Injuries
1839,Minor_Damage_And_Injuries
1840,Highly_Fatal_And_Damaging
1848,Highly_Fatal_And_Damaging
1849,Minor_Damage_And_Injuries
1850,Significant_Damage_And_Fatalities
1854,Minor_Damage_And_Injuries
1861,Significant_Damage_And_Fatalities
1866,Minor_Damage_And_Injuries
1868,Significant_Damage_And_Serious_Injuries
1872,Minor_Damage_And_Injuries
1875,Significant_Damage_And_Serious_Injuries
1877,Significant_Damage_And_Fatalities
1879,Significant_Damage_And_Fatalities
1880,Highly_Fatal_And_Damaging
1892,Minor_Damage_And_Injuries
1896,Significant_Damage_And_Fatalities
1898,Highly_Fatal_And_Damaging
1899,Highly_Fatal_And_Damaging
1903,Highly_Fatal_And_Damaging
1909,Highly_Fatal_And_Damaging
1912,Highly_Fatal_And_Damaging
1920,Significant_Damage_And_Serious_Injuries
1933,Significant_Damage_And_Fatalities
1940,Minor_Damage_And_Injuries
1941,Significant_Damage_And_Fatalities
1944,Significant_Damage_And_Fatalities
1946,Significant_Damage_And_Fatalities
1950,Significant_Damage_And_Fatalities
1955,Significant_Damage_And_Fatalities
1957,Highly_Fatal_And_Damaging
1958,Highly_Fatal_And_Damaging
1965,Significant_Damage_And_Serious_Injuries
1971,Significant_Damage_And_Fatalities
1974,Highly_Fatal_And_Damaging
1980,Significant_Damage_And_Serious_Injuries
1984,Minor_Damage_And_Injuries
1990,Highly_Fatal_And_Damaging
1991,Minor_Damage_And_Injuries
1994,Minor_Damage_And_Injuries
1997,Highly_Fatal_And_Damaging
2006,Highly_Fatal_And_Damaging
2008,Significant_Damage_And_Serious_Injuries
2013,Significant_Damage_And_Serious_Injuries
2015,Highly_Fatal_And_Damaging
2016,Significant_Damage_And_Serious_Injuries
2021,Minor_Damage_And_Injuries
2023,Highly_Fatal_And_Damaging
2038,Minor_Damage_And_Injuries
2040,Highly_Fatal_And_Damaging
2048,Highly_Fatal_And_Damaging
2063,Significant_Damage_And_Serious_Injuries
2073,Significant_Damage_And_Fatalities
2075,Highly_Fatal_And_Damaging
2081,Highly_Fatal_And_Damaging
2082,Highly_Fatal_And_Damaging
2086,Minor_Damage_And_Injuries
2090,Significant_Damage_And_Fatalities
2091,Highly_Fatal_And_Damaging
2094,Significant_Damage_And_Fatalities
2096,Significant_Damage_And_Serious_Injuries
2097,Significant_Damage_And_Fatalities
2101,Highly_Fatal_And_Damaging
2103,Highly_Fatal_And_Damaging
2106,Minor_Damage_And_Injuries
2107,Highly_Fatal_And_Damaging
2113,Highly_Fatal_And_Damaging
2122,Minor_Damage_And_Injuries
2123,Minor_Damage_And_Injuries
2132,Significant_Damage_And_Serious_Injuries
2134,Significant_Damage_And_Fatalities
2141,Significant_Damage_And_Fatalities
2145,Minor_Damage_And_Injuries
2147,Minor_Damage_And_Injuries
2149,Highly_Fatal_And_Damaging
2155,Highly_Fatal_And_Damaging
2161,Highly_Fatal_And_Damaging
2177,Highly_Fatal_And_Damaging
2179,Significant_Damage_And_Fatalities
2182,Significant_Damage_And_Fatalities
2192,Highly_Fatal_And_Damaging
2195,Significant_Damage_And_Fatalities
2196,Significant_Damage_And_Serious_Injuries
2197,Significant_Damage_And_Fatalities
2199,Highly_Fatal_And_Damaging
2204,Highly_Fatal_And_Damaging
2206,Minor_Damage_And_Injuries
2212,Significant_Damage_And_Fatalities
2215,Highly_Fatal_And_Damaging
2217,Highly_Fatal_And_Damaging
2220,Minor_Damage_And_Injuries
2222,Significant_Damage_And_Fatalities
2227,Highly_Fatal_And_Damaging
2239,Significant_Damage_And_Serious_Injuries
2241,Significant_Damage_And_Serious_Injuries
2246,Highly_Fatal_And_Damaging
2254,Significant_Damage_And_Fatalities
2255,Significant_Damage_And_Fatalities
2259,Highly_Fatal_And_Damaging
2263,Significant_Damage_And_Fatalities
2264,Highly_Fatal_And_Damaging
2269,Significant_Damage_And_Fatalities
2281,Highly_Fatal_And_Damaging
2284,Significant_Damage_And_Serious_Injuries
2285,Highly_Fatal_And_Damaging
2292,Minor_Damage_And_Injuries
2293,Highly_Fatal_And_Damaging
2299,Minor_Damage_And_Injuries
2301,Highly_Fatal_And_Damaging
2302,Highly_Fatal_And_Damaging
2303,Significant_Damage_And_Fatalities
2307,Minor_Damage_And_Injuries
2315,Highly_Fatal_And_Damaging
2316,Highly_Fatal_And_Damaging
2317,Significant_Damage_And_Fatalities
2320,Highly_Fatal_And_Damaging
2322,Significant_Damage_And_Fatalities
2334,Highly_Fatal_And_Damaging
2336,Significant_Damage_And_Fatalities
2342,Highly_Fatal_And_Damaging
2343,Minor_Damage_And_Injuries
2349,Highly_Fatal_And_Damaging
2354,Significant_Damage_And_Fatalities
2357,Minor_Damage_And_Injuries
2364,Highly_Fatal_And_Damaging
2370,Highly_Fatal_And_Damaging
2379,Significant_Damage_And_Serious_Injuries
2389,Significant_Damage_And_Fatalities
2400,Significant_Damage_And_Fatalities
2402,Highly_Fatal_And_Damaging
2406,Highly_Fatal_And_Damaging
2427,Highly_Fatal_And_Damaging
2429,Significant_Damage_And_Fatalities
2435,Highly_Fatal_And_Damaging
2438,Highly_Fatal_And_Damaging
2439,Highly_Fatal_And_Damaging
2449,Highly_Fatal_And_Damaging
2454,Highly_Fatal_And_Damaging
2455,Minor_Damage_And_Injuries
2462,Highly_Fatal_And_Damaging
2471,Significant_Damage_And_Serious_Injuries
2472,Highly_Fatal_And_Damaging
2475,Highly_Fatal_And_Damaging
2476,Significant_Damage_And_Fatalities
2483,Minor_Damage_And_Injuries
2485,Significant_Damage_And_Fatalities
2488,Highly_Fatal_And_Damaging
2492,Highly_Fatal_And_Damaging
2494,Significant_Damage_And_Serious_Injuries
2504,Highly_Fatal_And_Damaging
2510,Minor_Damage_And_Injuries
2516,Highly_Fatal_And_Damaging
2517,Significant_Damage_And_Serious_Injuries
2519,Significant_Damage_And_Fatalities
2527,Significant_Damage_And_Fatalities
2529,Significant_Damage_And_Fatalities
2540,Significant_Damage_And_Fatalities
2546,Minor_Damage_And_Injuries
2553,Significant_Damage_And_Serious_Injuries
2554,Significant_Damage_And_Fatalities
2558,Highly_Fatal_And_Damaging
2572,Significant_Damage_And_Fatalities
2585,Highly_Fatal_And_Damaging
2587,Significant_Damage_And_Serious_Injuries
2597,Minor_Damage_And_Injuries
2599,Minor_Damage_And_Injuries
2600,Significant_Damage_And_Serious_Injuries
2601,Minor_Damage_And_Injuries
2608,Significant_Damage_And_Fatalities
2613,Minor_Damage_And_Injuries
2616,Significant_Damage_And_Fatalities
2619,Minor_Damage_And_Injuries
2620,Minor_Damage_And_Injuries
2621,Significant_Damage_And_Fatalities
2622,Significant_Damage_And_Serious_Injuries
2623,Highly_Fatal_And_Damaging
2634,Minor_Damage_And_Injuries
2636,Highly_Fatal_And_Damaging
2640,Significant_Damage_And_Fatalities
2643,Highly_Fatal_And_Damaging
2646,Highly_Fatal_And_Damaging
2651,Highly_Fatal_And_Damaging
2653,Minor_Damage_And_Injuries
2654,Highly_Fatal_And_Damaging
2657,Significant_Damage_And_Fatalities
2658,Minor_Damage_And_Injuries
2664,Minor_Damage_And_Injuries
2667,Significant_Damage_And_Serious_Injuries
2668,Highly_Fatal_And_Damaging
2680,Significant_Damage_And_Serious_Injuries
2682,Minor_Damage_And_Injuries
2692,Highly_Fatal_And_Damaging
2693,Highly_Fatal_And_Damaging
2695,Highly_Fatal_And_Damaging
2697,Highly_Fatal_And_Damaging
2698,Significant_Damage_And_Fatalities
2703,Significant_Damage_And_Serious_Injuries
2718,Minor_Damage_And_Injuries
2728,Significant_Damage_And_Serious_Injuries
2729,Highly_Fatal_And_Damaging
2736,Highly_Fatal_And_Damaging
2737,Minor_Damage_And_Injuries
2738,Highly_Fatal_And_Damaging
2739,Highly_Fatal_And_Damaging
2746,Significant_Damage_And_Fatalities
2750,Highly_Fatal_And_Damaging
2755,Significant_Damage_And_Serious_Injuries
2764,Highly_Fatal_And_Damaging
2767,Significant_Damage_And_Fatalities
2769,Significant_Damage_And_Fatalities
2772,Significant_Damage_And_Fatalities
2777,Significant_Damage_And_Fatalities
2778,Significant_Damage_And_Fatalities
2779,Highly_Fatal_And_Damaging
2780,Minor_Damage_And_Injuries
2785,Highly_Fatal_And_Damaging
2793,Significant_Damage_And_Fatalities
2801,Significant_Damage_And_Fatalities
2814,Significant_Damage_And_Serious_Injuries
2821,Highly_Fatal_And_Damaging
2828,Highly_Fatal_And_Damaging
2834,Minor_Damage_And_Injuries
2844,Significant_Damage_And_Fatalities
2848,Highly_Fatal_And_Damaging
2850,Significant_Damage_And_Fatalities
2852,Significant_Damage_And_Fatalities
2860,Significant_Damage_And_Fatalities
2861,Significant_Damage_And_Serious_Injuries
2864,Highly_Fatal_And_Damaging
2868,Highly_Fatal_And_Damaging
2886,Highly_Fatal_And_Damaging
2887,Highly_Fatal_And_Damaging
2890,Minor_Damage_And_Injuries
2892,Highly_Fatal_And_Damaging
2907,Significant_Damage_And_Fatalities
2908,Highly_Fatal_And_Damaging
2909,Significant_Damage_And_Fatalities
2914,Minor_Damage_And_Injuries
2917,Significant_Damage_And_Serious_Injuries
2923,Highly_Fatal_And_Damaging
2924,Highly_Fatal_And_Damaging
2934,Minor_Damage_And_Injuries
2937,Highly_Fatal_And_Damaging
2945,Significant_Damage_And_Fatalities
2948,Highly_Fatal_And_Damaging
2950,Highly_Fatal_And_Damaging
2953,Highly_Fatal_And_Damaging
2955,Significant_Damage_And_Fatalities
2959,Highly_Fatal_And_Damaging
2971,Highly_Fatal_And_Damaging
2974,Significant_Damage_And_Serious_Injuries
2987,Highly_Fatal_And_Damaging
2994,Highly_Fatal_And_Damaging
2995,Minor_Damage_And_Injuries
3003,Significant_Damage_And_Serious_Injuries
3013,Highly_Fatal_And_Damaging
3014,Significant_Damage_And_Fatalities
3015,Significant_Damage_And_Fatalities
3028,Highly_Fatal_And_Damaging
3041,Minor_Damage_And_Injuries
3053,Highly_Fatal_And_Damaging
3057,Significant_Damage_And_Serious_Injuries
3059,Minor_Damage_And_Injuries
3060,Highly_Fatal_And_Damaging
3069,Highly_Fatal_And_Damaging
3071,Significant_Damage_And_Fatalities
3072,Minor_Damage_And_Injuries
3082,Minor_Damage_And_Injuries
3084,Highly_Fatal_And_Damaging
3086,Minor_Damage_And_Injuries
3098,Significant_Damage_And_Serious_Injuries
3100,Highly_Fatal_And_Damaging
3102,Highly_Fatal_And_Damaging
3110,Minor_Damage_And_Injuries
3111,Minor_Damage_And_Injuries
3118,Minor_Damage_And_Injuries
3119,Significant_Damage_And_Fatalities
3125,Significant_Damage_And_Fatalities
3133,Minor_Damage_And_Injuries
3136,Significant_Damage_And_Fatalities
3141,Highly_Fatal_And_Damaging
3149,Significant_Damage_And_Serious_Injuries
3150,Significant_Damage_And_Fatalities
3155,Significant_Damage_And_Fatalities
3156,Minor_Damage_And_Injuries
3160,Highly_Fatal_And_Damaging
3163,Highly_Fatal_And_Damaging
3175,Significant_Damage_And_Fatalities
3180,Highly_Fatal_And_Damaging
3188,Significant_Damage_And_Fatalities
3192,Significant_Damage_And_Fatalities
3193,Significant_Damage_And_Serious_Injuries
3197,Significant_Damage_And_Fatalities
3201,Minor_Damage_And_Injuries
3204,Significant_Damage_And_Fatalities
3206,Highly_Fatal_And_Damaging
3210,Minor_Damage_And_Injuries
3212,Highly_Fatal_And_Damaging
3216,Highly_Fatal_And_Damaging
3239,Minor_Damage_And_Injuries
3240,Significant_Damage_And_Serious_Injuries
3246,Highly_Fatal_And_Damaging
3247,Significant_Damage_And_Serious_Injuries
3252,Minor_Damage_And_Injuries
3259,Significant_Damage_And_Serious_Injuries
3262,Highly_Fatal_And_Damaging
3264,Highly_Fatal_And_Damaging
3275,Significant_Damage_And_Serious_Injuries
3280,Significant_Damage_And_Fatalities
3282,Highly_Fatal_And_Damaging
3289,Minor_Damage_And_Injuries
3294,Highly_Fatal_And_Damaging
3297,Significant_Damage_And_Fatalities
3299,Significant_Damage_And_Fatalities
3302,Significant_Damage_And_Serious_Injuries
3308,Highly_Fatal_And_Damaging
3311,Significant_Damage_And_Serious_Injuries
3315,Minor_Damage_And_Injuries
3317,Significant_Damage_And_Serious_Injuries
3319,Highly_Fatal_And_Damaging
3326,Significant_Damage_And_Serious_Injuries
3330,Highly_Fatal_And_Damaging
3331,Highly_Fatal_And_Damaging
3333,Minor_Damage_And_Injuries
3337,Significant_Damage_And_Fatalities
3344,Minor_Damage_And_Injuries
3359,Significant_Damage_And_Serious_Injuries
3369,Highly_Fatal_And_Damaging
3372,Minor_Damage_And_Injuries
3373,Significant_Damage_And_Fatalities
3374,Minor_Damage_And_Injuries
3384,Highly_Fatal_And_Damaging
3385,Significant_Damage_And_Serious_Injuries
3395,Significant_Damage_And_Fatalities
3399,Highly_Fatal_And_Damaging
3401,Minor_Damage_And_Injuries
3406,Significant_Damage_And_Fatalities
3410,Significant_Damage_And_Fatalities
3420,Minor_Damage_And_Injuries
3422,Significant_Damage_And_Fatalities
3428,Highly_Fatal_And_Damaging
3431,Significant_Damage_And_Serious_Injuries
3434,Significant_Damage_And_Fatalities
3436,Minor_Damage_And_Injuries
3440,Minor_Damage_And_Injuries
3443,Highly_Fatal_And_Damaging
3451,Highly_Fatal_And_Damaging
3454,Significant_Damage_And_Serious_Injuries
3455,Significant_Damage_And_Serious_Injuries
3456,Highly_Fatal_And_Damaging
3462,Significant_Damage_And_Serious_Injuries
3463,Significant_Damage_And_Fatalities
3464,Significant_Damage_And_Serious_Injuries
3470,Significant_Damage_And_Fatalities
3477,Highly_Fatal_And_Damaging
3485,Significant_Damage_And_Fatalities
3486,Significant_Damage_And_Fatalities
3489,Significant_Damage_And_Serious_Injuries
3490,Significant_Damage_And_Serious_Injuries
3501,Significant_Damage_And_Fatalities
3503,Highly_Fatal_And_Damaging
3510,Minor_Damage_And_Injuries
3517,Highly_Fatal_And_Damaging
3518,Highly_Fatal_And_Damaging
3525,Highly_Fatal_And_Damaging
3526,Significant_Damage_And_Serious_Injuries
3530,Highly_Fatal_And_Damaging
3532,Minor_Damage_And_Injuries
3546,Minor_Damage_And_Injuries
3548,Highly_Fatal_And_Damaging
3568,Highly_Fatal_And_Damaging
3571,Significant_Damage_And_Fatalities
3573,Highly_Fatal_And_Damaging
3577,Significant_Damage_And_Serious_Injuries
3587,Minor_Damage_And_Injuries
3596,Minor_Damage_And_Injuries
3604,Significant_Damage_And_Serious_Injuries
3606,Significant_Damage_And_Fatalities
3613,Minor_Damage_And_Injuries
3620,Highly_Fatal_And_Damaging
3632,Significant_Damage_And_Serious_Injuries
3638,Significant_Damage_And_Fatalities
3640,Highly_Fatal_And_Damaging
3643,Significant_Damage_And_Fatalities
3644,Minor_Damage_And_Injuries
3645,Highly_Fatal_And_Damaging
3648,Highly_Fatal_And_Damaging
3657,Highly_Fatal_And_Damaging
3665,Highly_Fatal_And_Damaging
3670,Significant_Damage_And_Fatalities
3674,Minor_Damage_And_Injuries
3686,Significant_Damage_And_Fatalities
3687,Highly_Fatal_And_Damaging
3692,Significant_Damage_And_Serious_Injuries
3694,Significant_Damage_And_Serious_Injuries
3698,Significant_Damage_And_Fatalities
3701,Significant_Damage_And_Fatalities
3725,Significant_Damage_And_Serious_Injuries
3728,Highly_Fatal_And_Damaging
3729,Minor_Damage_And_Injuries
3733,Significant_Damage_And_Serious_Injuries
3743,Highly_Fatal_And_Damaging
3746,Highly_Fatal_And_Damaging
3747,Significant_Damage_And_Fatalities
3748,Significant_Damage_And_Serious_Injuries
3749,Significant_Damage_And_Fatalities
3752,Highly_Fatal_And_Damaging
3760,Significant_Damage_And_Fatalities
3761,Highly_Fatal_And_Damaging
3762,Significant_Damage_And_Serious_Injuries
3765,Highly_Fatal_And_Damaging
3767,Significant_Damage_And_Fatalities
3775,Highly_Fatal_And_Damaging
3780,Minor_Damage_And_Injuries
3790,Significant_Damage_And_Serious_Injuries
3794,Highly_Fatal_And_Damaging
3795,Significant_Damage_And_Fatalities
3806,Significant_Damage_And_Fatalities
3807,Highly_Fatal_And_Damaging
3809,Significant_Damage_And_Fatalities
3810,Minor_Damage_And_Injuries
3811,Significant_Damage_And_Fatalities
3812,Significant_Damage_And_Fatalities
3818,Highly_Fatal_And_Damaging
3820,Significant_Damage_And_Fatalities
3821,Highly_Fatal_And_Damaging
3827,Significant_Damage_And_Serious_Injuries
3835,Highly_Fatal_And_Damaging
3836,Highly_Fatal_And_Damaging
3839,Significant_Damage_And_Serious_Injuries
3841,Significant_Damage_And_Fatalities
3842,Highly_Fatal_And_Damaging
3845,Significant_Damage_And_Fatalities
3854,Highly_Fatal_And_Damaging
3855,Highly_Fatal_And_Damaging
3856,Highly_Fatal_And_Damaging
3863,Significant_Damage_And_Serious_Injuries
3865,Significant_Damage_And_Fatalities
3878,Highly_Fatal_And_Damaging
3887,Significant_Damage_And_Fatalities
3888,Highly_Fatal_And_Damaging
3889,Significant_Damage_And_Serious_Injuries
3892,Significant_Damage_And_Serious_Injuries
3897,Minor_Damage_And_Injuries
3911,Highly_Fatal_And_Damaging
3912,Significant_Damage_And_Fatalities
3914,Significant_Damage_And_Serious_Injuries
3928,Significant_Damage_And_Fatalities
3929,Significant_Damage_And_Fatalities
3933,Minor_Damage_And_Injuries
3941,Significant_Damage_And_Serious_Injuries
3943,Minor_Damage_And_Injuries
3954,Significant_Damage_And_Fatalities
3960,Minor_Damage_And_Injuries
3962,Minor_Damage_And_Injuries
3965,Highly_Fatal_And_Damaging
3967,Highly_Fatal_And_Damaging
3968,Significant_Damage_And_Serious_Injuries
3980,Significant_Damage_And_Serious_Injuries
3987,Significant_Damage_And_Serious_Injuries
3989,Highly_Fatal_And_Damaging
3990,Highly_Fatal_And_Damaging
3997,Significant_Damage_And_Fatalities
4000,Highly_Fatal_And_Damaging
4002,Highly_Fatal_And_Damaging
4006,Highly_Fatal_And_Damaging
4007,Highly_Fatal_And_Damaging
4019,Minor_Damage_And_Injuries
4024,Highly_Fatal_And_Damaging
4026,Highly_Fatal_And_Damaging
4027,Significant_Damage_And_Serious_Injuries
4032,Highly_Fatal_And_Damaging
4039,Highly_Fatal_And_Damaging
4040,Significant_Damage_And_Serious_Injuries
4047,Highly_Fatal_And_Damaging
4048,Highly_Fatal_And_Damaging
4049,Significant_Damage_And_Fatalities
4050,Minor_Damage_And_Injuries
4061,Significant_Damage_And_Serious_Injuries
4062,Significant_Damage_And_Serious_Injuries
4063,Significant_Damage_And_Fatalities
4070,Highly_Fatal_And_Damaging
4090,Highly_Fatal_And_Damaging
4094,Highly_Fatal_And_Damaging
4098,Highly_Fatal_And_Damaging
4099,Significant_Damage_And_Serious_Injuries
4100,Minor_Damage_And_Injuries
4108,Highly_Fatal_And_Damaging
4120,Significant_Damage_And_Serious_Injuries
4129,Significant_Damage_And_Serious_Injuries
4133,Significant_Damage_And_Serious_Injuries
4134,Highly_Fatal_And_Damaging
4136,Significant_Damage_And_Fatalities
4139,Highly_Fatal_And_Damaging
4148,Highly_Fatal_And_Damaging
4152,Significant_Damage_And_Fatalities
4153,Highly_Fatal_And_Damaging
4157,Highly_Fatal_And_Damaging
4162,Significant_Damage_And_Fatalities
4169,Significant_Damage_And_Fatalities
4176,Significant_Damage_And_Fatalities
4181,Significant_Damage_And_Fatalities
4189,Minor_Damage_And_Injuries
4192,Minor_Damage_And_Injuries
4198,Highly_Fatal_And_Damaging
4207,Minor_Damage_And_Injuries
4208,Highly_Fatal_And_Damaging
4211,Highly_Fatal_And_Damaging
4218,Significant_Damage_And_Serious_Injuries
4223,Highly_Fatal_And_Damaging
4232,Highly_Fatal_And_Damaging
4234,Minor_Damage_And_Injuries
4246,Highly_Fatal_And_Damaging
4253,Significant_Damage_And_Fatalities
4254,Highly_Fatal_And_Damaging
4255,Significant_Damage_And_Serious_Injuries
4260,Minor_Damage_And_Injuries
4267,Minor_Damage_And_Injuries
4274,Highly_Fatal_And_Damaging
4275,Significant_Damage_And_Serious_Injuries
4278,Minor_Damage_And_Injuries
4281,Highly_Fatal_And_Damaging
4293,Significant_Damage_And_Serious_Injuries
4294,Significant_Damage_And_Fatalities
4300,Significant_Damage_And_Serious_Injuries
4307,Highly_Fatal_And_Damaging
4310,Highly_Fatal_And_Damaging
4311,Significant_Damage_And_Serious_Injuries
4315,Significant_Damage_And_Serious_Injuries
4330,Significant_Damage_And_Fatalities
4333,Highly_Fatal_And_Damaging
4340,Minor_Damage_And_Injuries
4352,Significant_Damage_And_Fatalities
4360,Highly_Fatal_And_Damaging
4365,Highly_Fatal_And_Damaging
4367,Significant_Damage_And_Serious_Injuries
4376,Highly_Fatal_And_Damaging
4378,Minor_Damage_And_Injuries
4385,Significant_Damage_And_Fatalities
4405,Highly_Fatal_And_Damaging
4413,Highly_Fatal_And_Damaging
4414,Minor_Damage_And_Injuries
4426,Significant_Damage_And_Fatalities
4430,Highly_Fatal_And_Damaging
4431,Highly_Fatal_And_Damaging
4438,Minor_Damage_And_Injuries
4439,Significant_Damage_And_Fatalities
4441,Significant_Damage_And_Serious_Injuries
4443,Significant_Damage_And_Serious_Injuries
4449,Highly_Fatal_And_Damaging
4453,Minor_Damage_And_Injuries
4456,Highly_Fatal_And_Damaging
4457,Minor_Damage_And_Injuries
4459,Significant_Damage_And_Serious_Injuries
4461,Significant_Damage_And_Serious_Injuries
4464,Significant_Damage_And_Serious_Injuries
4468,Highly_Fatal_And_Damaging
4476,Highly_Fatal_And_Damaging
4480,Minor_Damage_And_Injuries
4482,Highly_Fatal_And_Damaging
4491,Significant_Damage_And_Serious_Injuries
4493,Significant_Damage_And_Fatalities
4494,Significant_Damage_And_Fatalities
4495,Minor_Damage_And_Injuries
4496,Highly_Fatal_And_Damaging
4503,Highly_Fatal_And_Damaging
4505,Highly_Fatal_And_Damaging
4506,Highly_Fatal_And_Damaging
4512,Minor_Damage_And_Injuries
4516,Significant_Damage_And_Serious_Injuries
4518,Highly_Fatal_And_Damaging
4521,Significant_Damage_And_Fatalities
4522,Highly_Fatal_And_Damaging
4529,Significant_Damage_And_Fatalities
4530,Minor_Damage_And_Injuries
4536,Significant_Damage_And_Serious_Injuries
4539,Highly_Fatal_And_Damaging
4543,Highly_Fatal_And_Damaging
4546,Significant_Damage_And_Fatalities
4547,Minor_Damage_And_Injuries
4550,Highly_Fatal_And_Damaging
4564,Highly_Fatal_And_Damaging
4571,Significant_Damage_And_Fatalities
4583,Minor_Damage_And_Injuries
4592,Significant_Damage_And_Fatalities
4594,Significant_Damage_And_Fatalities
4597,Highly_Fatal_And_Damaging
4598,Significant_Damage_And_Serious_Injuries
4614,Highly_Fatal_And_Damaging
4617,Highly_Fatal_And_Damaging
4621,Significant_Damage_And_Fatalities
4630,Minor_Damage_And_Injuries
4634,Minor_Damage_And_Injuries
4638,Highly_Fatal_And_Damaging
4639,Significant_Damage_And_Fatalities
4645,Highly_Fatal_And_Damaging
4650,Minor_Damage_And_Injuries
4651,Significant_Damage_And_Serious_Injuries
4654,Significant_Damage_And_Fatalities
4656,Significant_Damage_And_Fatalities
4660,Significant_Damage_And_Fatalities
4665,Significant_Damage_And_Fatalities
4670,Highly_Fatal_And_Damaging
4671,Highly_Fatal_And_Damaging
4679,Highly_Fatal_And_Damaging
4682,Significant_Damage_And_Fatalities
4684,Minor_Damage_And_Injuries
4688,Significant_Damage_And_Serious_Injuries
4693,Highly_Fatal_And_Damaging
4712,Significant_Damage_And_Fatalities
4714,Highly_Fatal_And_Damaging
4721,Highly_Fatal_And_Damaging
4722,Significant_Damage_And_Fatalities
4724,Significant_Damage_And_Fatalities
4726,Significant_Damage_And_Fatalities
4728,Highly_Fatal_And_Damaging
4730,Significant_Damage_And_Serious_Injuries
4735,Highly_Fatal_And_Damaging
4741,Minor_Damage_And_Injuries
4742,Significant_Damage_And_Serious_Injuries
4744,Significant_Damage_And_Serious_Injuries
4746,Highly_Fatal_And_Damaging
4757,Significant_Damage_And_Serious_Injuries
4761,Highly_Fatal_And_Damaging
4770,Significant_Damage_And_Fatalities
4772,Significant_Damage_And_Fatalities
4773,Highly_Fatal_And_Damaging
4780,Highly_Fatal_And_Damaging
4783,Highly_Fatal_And_Damaging
4785,Highly_Fatal_And_Damaging
4786,Highly_Fatal_And_Damaging
4787,Significant_Damage_And_Fatalities
4793,Highly_Fatal_And_Damaging
4794,Significant_Damage_And_Serious_Injuries
4808,Highly_Fatal_And_Damaging
4811,Highly_Fatal_And_Damaging
4831,Highly_Fatal_And_Damaging
4832,Highly_Fatal_And_Damaging
4836,Highly_Fatal_And_Damaging
4839,Highly_Fatal_And_Damaging
4842,Minor_Damage_And_Injuries
4846,Highly_Fatal_And_Damaging
4855,Highly_Fatal_And_Damaging
4856,Significant_Damage_And_Fatalities
4859,Minor_Damage_And_Injuries
4862,Highly_Fatal_And_Damaging
4869,Highly_Fatal_And_Damaging
4877,Highly_Fatal_And_Damaging
4878,Highly_Fatal_And_Damaging
4887,Significant_Damage_And_Serious_Injuries
4892,Significant_Damage_And_Fatalities
4913,Significant_Damage_And_Serious_Injuries
4914,Minor_Damage_And_Injuries
4926,Highly_Fatal_And_Damaging
4940,Highly_Fatal_And_Damaging
4944,Significant_Damage_And_Fatalities
4959,Significant_Damage_And_Serious_Injuries
4966,Highly_Fatal_And_Damaging
4972,Significant_Damage_And_Serious_Injuries
4978,Highly_Fatal_And_Damaging
4981,Highly_Fatal_And_Damaging
4985,Significant_Damage_And_Serious_Injuries
4992,Minor_Damage_And_Injuries
4998,Significant_Damage_And_Fatalities
5000,Highly_Fatal_And_Damaging
5001,Highly_Fatal_And_Damaging
5004,Significant_Damage_And_Serious_Injuries
5005,Highly_Fatal_And_Damaging
5016,Significant_Damage_And_Fatalities
5020,Minor_Damage_And_Injuries
5021,Minor_Damage_And_Injuries
5041,Highly_Fatal_And_Damaging
5045,Significant_Damage_And_Fatalities
5052,Significant_Damage_And_Fatalities
5063,Significant_Damage_And_Serious_Injuries
5072,Significant_Damage_And_Fatalities
5074,Highly_Fatal_And_Damaging
5080,Highly_Fatal_And_Damaging
5087,Significant_Damage_And_Serious_Injuries
5094,Highly_Fatal_And_Damaging
5099,Highly_Fatal_And_Damaging
5100,Significant_Damage_And_Serious_Injuries
5109,Highly_Fatal_And_Damaging
5111,Significant_Damage_And_Fatalities
5115,Highly_Fatal_And_Damaging
5117,Highly_Fatal_And_Damaging
5119,Minor_Damage_And_Injuries
5125,Highly_Fatal_And_Damaging
5126,Highly_Fatal_And_Damaging
5127,Significant_Damage_And_Fatalities
5142,Significant_Damage_And_Fatalities
5149,Highly_Fatal_And_Damaging
5160,Significant_Damage_And_Serious_Injuries
5163,Significant_Damage_And_Serious_Injuries
5170,Highly_Fatal_And_Damaging
5175,Significant_Damage_And_Serious_Injuries
5184,Significant_Damage_And_Serious_Injuries
5187,Significant_Damage_And_Serious_Injuries
5189,Significant_Damage_And_Serious_Injuries
5200,Highly_Fatal_And_Damaging
5202,Minor_Damage_And_Injuries
5203,Minor_Damage_And_Injuries
5206,Minor_Damage_And_Injuries
5218,Minor_Damage_And_Injuries
5224,Minor_Damage_And_Injuries
5226,Minor_Damage_And_Injuries
5230,Significant_Damage_And_Fatalities
5231,Significant_Damage_And_Serious_Injuries
5232,Significant_Damage_And_Fatalities
5234,Significant_Damage_And_Serious_Injuries
5239,Significant_Damage_And_Fatalities
5244,Highly_Fatal_And_Damaging
5245,Minor_Damage_And_Injuries
5246,Highly_Fatal_And_Damaging
5253,Significant_Damage_And_Serious_Injuries
5262,Highly_Fatal_And_Damaging
5268,Highly_Fatal_And_Damaging
5271,Significant_Damage_And_Serious_Injuries
5275,Highly_Fatal_And_Damaging
5277,Highly_Fatal_And_Damaging
5278,Highly_Fatal_And_Damaging
5283,Highly_Fatal_And_Damaging
5284,Significant_Damage_And_Fatalities
5285,Highly_Fatal_And_Damaging
5288,Highly_Fatal_And_Damaging
5329,Significant_Damage_And_Serious_Injuries
5336,Highly_Fatal_And_Damaging
5339,Significant_Damage_And_Serious_Injuries
5340,Significant_Damage_And_Fatalities
5342,Significant_Damage_And_Fatalities
5350,Highly_Fatal_And_Damaging
5359,Significant_Damage_And_Fatalities
5376,Highly_Fatal_And_Damaging
5387,Highly_Fatal_And_Damaging
5399,Significant_Damage_And_Fatalities
5401,Highly_Fatal_And_Damaging
5423,Highly_Fatal_And_Damaging
5425,Significant_Damage_And_Fatalities
5433,Significant_Damage_And_Fatalities
5445,Highly_Fatal_And_Damaging
5451,Significant_Damage_And_Fatalities
5452,Significant_Damage_And_Fatalities
5461,Highly_Fatal_And_Damaging
5464,Significant_Damage_And_Fatalities
5465,Significant_Damage_And_Fatalities
5466,Significant_Damage_And_Serious_Injuries
5471,Significant_Damage_And_Fatalities
5481,Highly_Fatal_And_Damaging
5482,Significant_Damage_And_Serious_Injuries
5485,Highly_Fatal_And_Damaging
5489,Highly_Fatal_And_Damaging
5497,Highly_Fatal_And_Damaging
5505,Significant_Damage_And_Fatalities
5508,Significant_Damage_And_Fatalities
5510,Minor_Damage_And_Injuries
5519,Highly_Fatal_And_Damaging
5531,Significant_Damage_And_Serious_Injuries
5536,Minor_Damage_And_Injuries
5537,Significant_Damage_And_Fatalities
5538,Significant_Damage_And_Fatalities
5547,Highly_Fatal_And_Damaging
5554,Minor_Damage_And_Injuries
5561,Significant_Damage_And_Fatalities
5563,Highly_Fatal_And_Damaging
5568,Highly_Fatal_And_Damaging
5573,Significant_Damage_And_Serious_Injuries
5579,Significant_Damage_And_Fatalities
5583,Minor_Damage_And_Injuries
5584,Highly_Fatal_And_Damaging
5586,Highly_Fatal_And_Damaging
5589,Minor_Damage_And_Injuries
5595,Significant_Damage_And_Fatalities
5601,Highly_Fatal_And_Damaging
5603,Significant_Damage_And_Fatalities
5610,Highly_Fatal_And_Damaging
5618,Significant_Damage_And_Fatalities
5622,Highly_Fatal_And_Damaging
5623,Highly_Fatal_And_Damaging
5625,Minor_Damage_And_Injuries
5630,Highly_Fatal_And_Damaging
5637,Highly_Fatal_And_Damaging
5640,Significant_Damage_And_Fatalities
5642,Significant_Damage_And_Fatalities
5643,Highly_Fatal_And_Damaging
5648,Significant_Damage_And_Serious_Injuries
5653,Significant_Damage_And_Fatalities
5656,Highly_Fatal_And_Damaging
5666,Highly_Fatal_And_Damaging
5676,Significant_Damage_And_Fatalities
5680,Highly_Fatal_And_Damaging
5690,Minor_Damage_And_Injuries
5700,Highly_Fatal_And_Damaging
5702,Highly_Fatal_And_Damaging
5708,Significant_Damage_And_Fatalities
5709,Minor_Damage_And_Injuries
5714,Significant_Damage_And_Serious_Injuries
5723,Significant_Damage_And_Fatalities
5729,Minor_Damage_And_Injuries
5736,Highly_Fatal_And_Damaging
5744,Minor_Damage_And_Injuries
5750,Minor_Damage_And_Injuries
5751,Significant_Damage_And_Fatalities
5752,Minor_Damage_And_Injuries
5753,Significant_Damage_And_Fatalities
5757,Significant_Damage_And_Fatalities
5760,Significant_Damage_And_Serious_Injuries
5768,Significant_Damage_And_Serious_Injuries
5772,Highly_Fatal_And_Damaging
5788,Minor_Damage_And_Injuries
5795,Highly_Fatal_And_Damaging
5800,Highly_Fatal_And_Damaging
5806,Significant_Damage_And_Serious_Injuries
5809,Significant_Damage_And_Fatalities
5810,Highly_Fatal_And_Damaging
5819,Significant_Damage_And_Fatalities
5822,Highly_Fatal_And_Damaging
5826,Significant_Damage_And_Serious_Injuries
5829,Minor_Damage_And_Injuries
5831,Significant_Damage_And_Fatalities
5833,Highly_Fatal_And_Damaging
5837,Significant_Damage_And_Serious_Injuries
5840,Significant_Damage_And_Fatalities
5848,Significant_Damage_And_Fatalities
5852,Significant_Damage_And_Fatalities
5868,Highly_Fatal_And_Damaging
5874,Highly_Fatal_And_Damaging
5876,Highly_Fatal_And_Damaging
5883,Highly_Fatal_And_Damaging
5888,Highly_Fatal_And_Damaging
5889,Significant_Damage_And_Fatalities
5898,Highly_Fatal_And_Damaging
5899,Highly_Fatal_And_Damaging
5903,Highly_Fatal_And_Damaging
5906,Significant_Damage_And_Fatalities
5907,Significant_Damage_And_Fatalities
5914,Highly_Fatal_And_Damaging
5919,Highly_Fatal_And_Damaging
5928,Highly_Fatal_And_Damaging
5930,Significant_Damage_And_Fatalities
5936,Significant_Damage_And_Serious_Injuries
5948,Highly_Fatal_And_Damaging
5950,Highly_Fatal_And_Damaging
5951,Highly_Fatal_And_Damaging
5954,Highly_Fatal_And_Damaging
5958,Highly_Fatal_And_Damaging
5964,Highly_Fatal_And_Damaging
5972,Highly_Fatal_And_Damaging
5979,Highly_Fatal_And_Damaging
5983,Minor_Damage_And_Injuries
5984,Significant_Damage_And_Fatalities
5993,Significant_Damage_And_Serious_Injuries
5997,Highly_Fatal_And_Damaging
6006,Highly_Fatal_And_Damaging
6014,Highly_Fatal_And_Damaging
6018,Highly_Fatal_And_Damaging
6019,Minor_Damage_And_Injuries
6020,Significant_Damage_And_Serious_Injuries
6023,Highly_Fatal_And_Damaging
6026,Minor_Damage_And_Injuries
6030,Highly_Fatal_And_Damaging
6036,Highly_Fatal_And_Damaging
6041,Highly_Fatal_And_Damaging
6042,Highly_Fatal_And_Damaging
6044,Significant_Damage_And_Fatalities
6053,Significant_Damage_And_Fatalities
6055,Significant_Damage_And_Fatalities
6056,Highly_Fatal_And_Damaging
6063,Significant_Damage_And_Fatalities
6064,Significant_Damage_And_Fatalities
6072,Significant_Damage_And_Serious_Injuries
6074,Highly_Fatal_And_Damaging
6075,Highly_Fatal_And_Damaging
6078,Significant_Damage_And_Fatalities
6080,Highly_Fatal_And_Damaging
6081,Highly_Fatal_And_Damaging
6082,Highly_Fatal_And_Damaging
6085,Highly_Fatal_And_Damaging
6095,Significant_Damage_And_Fatalities
6098,Highly_Fatal_And_Damaging
6104,Minor_Damage_And_Injuries
6113,Significant_Damage_And_Fatalities
6114,Minor_Damage_And_Injuries
6120,Highly_Fatal_And_Damaging
6121,Significant_Damage_And_Fatalities
6122,Highly_Fatal_And_Damaging
6125,Highly_Fatal_And_Damaging
6137,Highly_Fatal_And_Damaging
6139,Highly_Fatal_And_Damaging
6147,Significant_Damage_And_Fatalities
6150,Significant_Damage_And_Fatalities
6157,Significant_Damage_And_Fatalities
6162,Highly_Fatal_And_Damaging
6167,Highly_Fatal_And_Damaging
6170,Highly_Fatal_And_Damaging
6178,Minor_Damage_And_Injuries
6185,Minor_Damage_And_Injuries
6187,Minor_Damage_And_Injuries
6188,Highly_Fatal_And_Damaging
6189,Minor_Damage_And_Injuries
6190,Highly_Fatal_And_Damaging
6204,Highly_Fatal_And_Damaging
6206,Minor_Damage_And_Injuries
6208,Significant_Damage_And_Fatalities
6212,Significant_Damage_And_Fatalities
6215,Significant_Damage_And_Serious_Injuries
6221,Minor_Damage_And_Injuries
6234,Significant_Damage_And_Fatalities
6240,Significant_Damage_And_Fatalities
6241,Significant_Damage_And_Fatalities
6242,Significant_Damage_And_Fatalities
6247,Highly_Fatal_And_Damaging
6250,Significant_Damage_And_Serious_Injuries
6255,Highly_Fatal_And_Damaging
6257,Highly_Fatal_And_Damaging
6259,Highly_Fatal_And_Damaging
6260,Minor_Damage_And_Injuries
6261,Highly_Fatal_And_Damaging
6264,Highly_Fatal_And_Damaging
6266,Highly_Fatal_And_Damaging
6274,Significant_Damage_And_Serious_Injuries
6277,Significant_Damage_And_Fatalities
6287,Significant_Damage_And_Fatalities
6290,Highly_Fatal_And_Damaging
6296,Significant_Damage_And_Fatalities
6301,Highly_Fatal_And_Damaging
6302,Significant_Damage_And_Fatalities
6312,Significant_Damage_And_Serious_Injuries
6318,Minor_Damage_And_Injuries
6327,Significant_Damage_And_Serious_Injuries
6328,Highly_Fatal_And_Damaging
6333,Highly_Fatal_And_Damaging
6336,Highly_Fatal_And_Damaging
6338,Significant_Damage_And_Fatalities
6342,Highly_Fatal_And_Damaging
6349,Highly_Fatal_And_Damaging
6358,Significant_Damage_And_Fatalities
6359,Highly_Fatal_And_Damaging
6360,Highly_Fatal_And_Damaging
6367,Highly_Fatal_And_Damaging
6377,Highly_Fatal_And_Damaging
6379,Minor_Damage_And_Injuries
6381,Highly_Fatal_And_Damaging
6391,Highly_Fatal_And_Damaging
6400,Minor_Damage_And_Injuries
6402,Significant_Damage_And_Serious_Injuries
6405,Significant_Damage_And_Serious_Injuries
6415,Highly_Fatal_And_Damaging
6416,Highly_Fatal_And_Damaging
6420,Significant_Damage_And_Fatalities
6434,Minor_Damage_And_Injuries
6448,Minor_Damage_And_Injuries
6451,Highly_Fatal_And_Damaging
6453,Highly_Fatal_And_Damaging
6459,Significant_Damage_And_Serious_Injuries
6461,Highly_Fatal_And_Damaging
6467,Highly_Fatal_And_Damaging
6468,Highly_Fatal_And_Damaging
6473,Highly_Fatal_And_Damaging
6484,Significant_Damage_And_Fatalities
6486,Highly_Fatal_And_Damaging
6490,Highly_Fatal_And_Damaging
6502,Highly_Fatal_And_Damaging
6503,Highly_Fatal_And_Damaging
6507,Significant_Damage_And_Fatalities
6512,Significant_Damage_And_Fatalities
6523,Minor_Damage_And_Injuries
6528,Significant_Damage_And_Fatalities
6530,Minor_Damage_And_Injuries
6543,Minor_Damage_And_Injuries
6546,Highly_Fatal_And_Damaging
6548,Significant_Damage_And_Fatalities
6551,Highly_Fatal_And_Damaging
6553,Highly_Fatal_And_Damaging
6562,Highly_Fatal_And_Damaging
6571,Significant_Damage_And_Serious_Injuries
6572,Significant_Damage_And_Fatalities
6579,Highly_Fatal_And_Damaging
6584,Highly_Fatal_And_Damaging
6588,Highly_Fatal_And_Damaging
6596,Significant_Damage_And_Serious_Injuries
6599,Highly_Fatal_And_Damaging
6625,Significant_Damage_And_Fatalities
6632,Minor_Damage_And_Injuries
6641,Significant_Damage_And_Serious_Injuries
6651,Minor_Damage_And_Injuries
6654,Significant_Damage_And_Fatalities
6657,Significant_Damage_And_Fatalities
6665,Highly_Fatal_And_Damaging
6671,Significant_Damage_And_Fatalities
6672,Highly_Fatal_And_Damaging
6675,Highly_Fatal_And_Damaging
6676,Significant_Damage_And_Fatalities
6682,Highly_Fatal_And_Damaging
6684,Highly_Fatal_And_Damaging
6692,Highly_Fatal_And_Damaging
6694,Highly_Fatal_And_Damaging
6700,Minor_Damage_And_Injuries
6723,Highly_Fatal_And_Damaging
6726,Highly_Fatal_And_Damaging
6729,Significant_Damage_And_Fatalities
6734,Minor_Damage_And_Injuries
6737,Significant_Damage_And_Serious_Injuries
6738,Highly_Fatal_And_Damaging
6745,Highly_Fatal_And_Damaging
6747,Significant_Damage_And_Fatalities
6750,Significant_Damage_And_Serious_Injuries
6754,Significant_Damage_And_Fatalities
6755,Highly_Fatal_And_Damaging
6761,Highly_Fatal_And_Damaging
6762,Significant_Damage_And_Fatalities
6765,Highly_Fatal_And_Damaging
6769,Minor_Damage_And_Injuries
6785,Significant_Damage_And_Fatalities
6788,Minor_Damage_And_Injuries
6793,Significant_Damage_And_Fatalities
6796,Significant_Damage_And_Fatalities
6799,Significant_Damage_And_Fatalities
6801,Highly_Fatal_And_Damaging
6807,Highly_Fatal_And_Damaging
6811,Significant_Damage_And_Serious_Injuries
6812,Significant_Damage_And_Fatalities
6815,Highly_Fatal_And_Damaging
6818,Significant_Damage_And_Fatalities
6828,Highly_Fatal_And_Damaging
6832,Significant_Damage_And_Serious_Injuries
6833,Highly_Fatal_And_Damaging
6836,Significant_Damage_And_Fatalities
6839,Significant_Damage_And_Fatalities
6842,Highly_Fatal_And_Damaging
6845,Minor_Damage_And_Injuries
6848,Significant_Damage_And_Fatalities
6849,Highly_Fatal_And_Damaging
6850,Minor_Damage_And_Injuries
6853,Minor_Damage_And_Injuries
6862,Highly_Fatal_And_Damaging
6864,Significant_Damage_And_Fatalities
6868,Significant_Damage_And_Fatalities
6872,Highly_Fatal_And_Damaging
6892,Minor_Damage_And_Injuries
6895,Significant_Damage_And_Serious_Injuries
6897,Minor_Damage_And_Injuries
6900,Significant_Damage_And_Serious_Injuries
6904,Highly_Fatal_And_Damaging
6907,Significant_Damage_And_Serious_Injuries
6912,Highly_Fatal_And_Damaging
6913,Significant_Damage_And_Serious_Injuries
6920,Significant_Damage_And_Fatalities
6922,Highly_Fatal_And_Damaging
6924,Significant_Damage_And_Serious_Injuries
6925,Significant_Damage_And_Fatalities
6929,Highly_Fatal_And_Damaging
6933,Significant_Damage_And_Serious_Injuries
6938,Minor_Damage_And_Injuries
6939,Significant_Damage_And_Fatalities
6945,Significant_Damage_And_Serious_Injuries
6950,Significant_Damage_And_Serious_Injuries
6953,Highly_Fatal_And_Damaging
6957,Highly_Fatal_And_Damaging
6961,Minor_Damage_And_Injuries
6970,Significant_Damage_And_Serious_Injuries
6975,Minor_Damage_And_Injuries
6978,Highly_Fatal_And_Damaging
6979,Minor_Damage_And_Injuries
6981,Highly_Fatal_And_Damaging
6985,Significant_Damage_And_Fatalities
6988,Minor_Damage_And_Injuries
6989,Significant_Damage_And_Fatalities
6996,Minor_Damage_And_Injuries
7007,Highly_Fatal_And_Damaging
7008,Significant_Damage_And_Fatalities
7016,Highly_Fatal_And_Damaging
7021,Highly_Fatal_And_Damaging
7022,Significant_Damage_And_Fatalities
7029,Minor_Damage_And_Injuries
7035,Highly_Fatal_And_Damaging
7066,Significant_Damage_And_Serious_Injuries
7067,Highly_Fatal_And_Damaging
7068,Highly_Fatal_And_Damaging
7069,Highly_Fatal_And_Damaging
7072,Significant_Damage_And_Fatalities
7077,Highly_Fatal_And_Damaging
7079,Significant_Damage_And_Fatalities
7080,Significant_Damage_And_Fatalities
7090,Highly_Fatal_And_Damaging
7091,Significant_Damage_And_Fatalities
7092,Highly_Fatal_And_Damaging
7093,Significant_Damage_And_Fatalities
7109,Highly_Fatal_And_Damaging
7114,Highly_Fatal_And_Damaging
7118,Highly_Fatal_And_Damaging
7122,Significant_Damage_And_Fatalities
7124,Highly_Fatal_And_Damaging
7126,Significant_Damage_And_Fatalities
7132,Highly_Fatal_And_Damaging
7140,Highly_Fatal_And_Damaging
7154,Minor_Damage_And_Injuries
7156,Highly_Fatal_And_Damaging
7158,Significant_Damage_And_Fatalities
7172,Minor_Damage_And_Injuries
7173,Minor_Damage_And_Injuries
7174,Highly_Fatal_And_Damaging
7176,Significant_Damage_And_Serious_Injuries
7177,Significant_Damage_And_Serious_Injuries
7179,Highly_Fatal_And_Damaging
7181,Significant_Damage_And_Fatalities
7182,Significant_Damage_And_Fatalities
7191,Highly_Fatal_And_Damaging
7194,Significant_Damage_And_Fatalities
7195,Highly_Fatal_And_Damaging
7200,Significant_Damage_And_Serious_Injuries
7201,Highly_Fatal_And_Damaging
7205,Significant_Damage_And_Fatalities
7208,Highly_Fatal_And_Damaging
7209,Significant_Damage_And_Serious_Injuries
7210,Minor_Damage_And_Injuries
7212,Highly_Fatal_And_Damaging
7213,Significant_Damage_And_Fatalities
7216,Minor_Damage_And_Injuries
7218,Minor_Damage_And_Injuries
7221,Significant_Damage_And_Fatalities
7222,Significant_Damage_And_Fatalities
7223,Highly_Fatal_And_Damaging
7232,Significant_Damage_And_Serious_Injuries
7244,Significant_Damage_And_Fatalities
7253,Highly_Fatal_And_Damaging
7255,Highly_Fatal_And_Damaging
7267,Highly_Fatal_And_Damaging
7269,Significant_Damage_And_Fatalities
7279,Highly_Fatal_And_Damaging
7284,Significant_Damage_And_Serious_Injuries
7294,Highly_Fatal_And_Damaging
7296,Significant_Damage_And_Serious_Injuries
7298,Significant_Damage_And_Fatalities
7307,Highly_Fatal_And_Damaging
7323,Significant_Damage_And_Fatalities
7333,Highly_Fatal_And_Damaging
7335,Minor_Damage_And_Injuries
7336,Highly_Fatal_And_Damaging
7338,Significant_Damage_And_Fatalities
7345,Significant_Damage_And_Fatalities
7346,Significant_Damage_And_Fatalities
7348,Highly_Fatal_And_Damaging
7349,Minor_Damage_And_Injuries
7353,Highly_Fatal_And_Damaging
7354,Highly_Fatal_And_Damaging
7355,Significant_Damage_And_Fatalities
7356,Significant_Damage_And_Fatalities
7367,Significant_Damage_And_Fatalities
7370,Highly_Fatal_And_Damaging
7375,Significant_Damage_And_Fatalities
7384,Highly_Fatal_And_Damaging
7392,Highly_Fatal_And_Damaging
7394,Highly_Fatal_And_Damaging
7395,Highly_Fatal_And_Damaging
7401,Significant_Damage_And_Serious_Injuries
7402,Minor_Damage_And_Injuries
7407,Highly_Fatal_And_Damaging
7420,Significant_Damage_And_Fatalities
7437,Significant_Damage_And_Serious_Injuries
7455,Highly_Fatal_And_Damaging
7460,Significant_Damage_And_Fatalities
7476,Highly_Fatal_And_Damaging
7478,Highly_Fatal_And_Damaging
7484,Highly_Fatal_And_Damaging
7491,Significant_Damage_And_Fatalities
7492,Significant_Damage_And_Fatalities
7495,Significant_Damage_And_Fatalities
7503,Highly_Fatal_And_Damaging
7505,Highly_Fatal_And_Damaging
7506,Highly_Fatal_And_Damaging
7508,Minor_Damage_And_Injuries
7513,Highly_Fatal_And_Damaging
7526,Highly_Fatal_And_Damaging
7530,Highly_Fatal_And_Damaging
7534,Significant_Damage_And_Serious_Injuries
7537,Highly_Fatal_And_Damaging
7541,Highly_Fatal_And_Damaging
7542,Significant_Damage_And_Fatalities
7548,Highly_Fatal_And_Damaging
7551,Significant_Damage_And_Serious_Injuries
7553,Significant_Damage_And_Fatalities
7554,Highly_Fatal_And_Damaging
7557,Highly_Fatal_And_Damaging
7563,Highly_Fatal_And_Damaging
7568,Significant_Damage_And_Fatalities
7581,Highly_Fatal_And_Damaging
7582,Highly_Fatal_And_Damaging
7587,Highly_Fatal_And_Damaging
7617,Significant_Damage_And_Fatalities
7621,Significant_Damage_And_Serious_Injuries
7623,Significant_Damage_And_Serious_Injuries
7633,Significant_Damage_And_Serious_Injuries
7639,Minor_Damage_And_Injuries
7654,Minor_Damage_And_Injuries
7660,Highly_Fatal_And_Damaging
7661,Highly_Fatal_And_Damaging
7662,Minor_Damage_And_Injuries
7663,Highly_Fatal_And_Damaging
7664,Minor_Damage_And_Injuries
7665,Highly_Fatal_And_Damaging
7668,Significant_Damage_And_Serious_Injuries
7682,Minor_Damage_And_Injuries
7683,Highly_Fatal_And_Damaging
7684,Significant_Damage_And_Fatalities
7687,Highly_Fatal_And_Damaging
7691,Significant_Damage_And_Serious_Injuries
7701,Significant_Damage_And_Fatalities
7702,Significant_Damage_And_Serious_Injuries
7705,Significant_Damage_And_Fatalities
7711,Significant_Damage_And_Serious_Injuries
7714,Significant_Damage_And_Serious_Injuries
7716,Significant_Damage_And_Fatalities
7725,Significant_Damage_And_Serious_Injuries
7726,Minor_Damage_And_Injuries
7732,Highly_Fatal_And_Damaging
7748,Highly_Fatal_And_Damaging
7755,Significant_Damage_And_Fatalities
7759,Highly_Fatal_And_Damaging
7763,Highly_Fatal_And_Damaging
7767,Significant_Damage_And_Serious_Injuries
7769,Significant_Damage_And_Fatalities
7781,Highly_Fatal_And_Damaging
7783,Minor_Damage_And_Injuries
7790,Significant_Damage_And_Fatalities
7798,Significant_Damage_And_Serious_Injuries
7810,Minor_Damage_And_Injuries
7821,Significant_Damage_And_Serious_Injuries
7824,Minor_Damage_And_Injuries
7828,Minor_Damage_And_Injuries
7838,Significant_Damage_And_Serious_Injuries
7841,Significant_Damage_And_Serious_Injuries
7847,Significant_Damage_And_Fatalities
7852,Significant_Damage_And_Serious_Injuries
7854,Significant_Damage_And_Fatalities
7857,Minor_Damage_And_Injuries
7867,Significant_Damage_And_Serious_Injuries
7868,Highly_Fatal_And_Damaging
7869,Highly_Fatal_And_Damaging
7871,Highly_Fatal_And_Damaging
7872,Highly_Fatal_And_Damaging
7885,Significant_Damage_And_Serious_Injuries
7889,Significant_Damage_And_Serious_Injuries
7902,Minor_Damage_And_Injuries
7917,Highly_Fatal_And_Damaging
7918,Significant_Damage_And_Serious_Injuries
7919,Highly_Fatal_And_Damaging
7926,Highly_Fatal_And_Damaging
7927,Minor_Damage_And_Injuries
7928,Significant_Damage_And_Fatalities
7947,Minor_Damage_And_Injuries
7950,Highly_Fatal_And_Damaging
7952,Highly_Fatal_And_Damaging
7955,Minor_Damage_And_Injuries
7966,Significant_Damage_And_Serious_Injuries
7981,Highly_Fatal_And_Damaging
7987,Significant_Damage_And_Serious_Injuries
7996,Significant_Damage_And_Serious_Injuries
7997,Highly_Fatal_And_Damaging
8012,Minor_Damage_And_Injuries
8018,Significant_Damage_And_Serious_Injuries
8020,Minor_Damage_And_Injuries
8021,Minor_Damage_And_Injuries
8028,Highly_Fatal_And_Damaging
8031,Highly_Fatal_And_Damaging
8034,Highly_Fatal_And_Damaging
8039,Significant_Damage_And_Serious_Injuries
8044,Significant_Damage_And_Serious_Injuries
8046,Highly_Fatal_And_Damaging
8049,Minor_Damage_And_Injuries
8052,Minor_Damage_And_Injuries
8054,Highly_Fatal_And_Damaging
8057,Minor_Damage_And_Injuries
8058,Significant_Damage_And_Serious_Injuries
8061,Significant_Damage_And_Fatalities
8074,Significant_Damage_And_Serious_Injuries
8075,Significant_Damage_And_Serious_Injuries
8078,Significant_Damage_And_Serious_Injuries
8081,Highly_Fatal_And_Damaging
8084,Minor_Damage_And_Injuries
8088,Minor_Damage_And_Injuries
8089,Significant_Damage_And_Serious_Injuries
8090,Significant_Damage_And_Fatalities
8097,Highly_Fatal_And_Damaging
8101,Highly_Fatal_And_Damaging
8105,Minor_Damage_And_Injuries
8115,Highly_Fatal_And_Damaging
8122,Significant_Damage_And_Serious_Injuries
8125,Significant_Damage_And_Fatalities
8132,Significant_Damage_And_Fatalities
8133,Highly_Fatal_And_Damaging
8136,Minor_Damage_And_Injuries
8138,Significant_Damage_And_Fatalities
8144,Significant_Damage_And_Fatalities
8146,Highly_Fatal_And_Damaging
8150,Significant_Damage_And_Fatalities
8152,Highly_Fatal_And_Damaging
8157,Significant_Damage_And_Serious_Injuries
8167,Significant_Damage_And_Fatalities
8172,Significant_Damage_And_Fatalities
8178,Minor_Damage_And_Injuries
8184,Highly_Fatal_And_Damaging
8186,Highly_Fatal_And_Damaging
8187,Significant_Damage_And_Fatalities
8190,Highly_Fatal_And_Damaging
8198,Significant_Damage_And_Fatalities
8200,Highly_Fatal_And_Damaging
8206,Significant_Damage_And_Fatalities
8217,Minor_Damage_And_Injuries
8221,Highly_Fatal_And_Damaging
8224,Significant_Damage_And_Fatalities
8230,Highly_Fatal_And_Damaging
8233,Significant_Damage_And_Serious_Injuries
8237,Minor_Damage_And_Injuries
8239,Highly_Fatal_And_Damaging
8240,Highly_Fatal_And_Damaging
8242,Minor_Damage_And_Injuries
8243,Highly_Fatal_And_Damaging
8246,Significant_Damage_And_Fatalities
8251,Significant_Damage_And_Fatalities
8253,Highly_Fatal_And_Damaging
8268,Minor_Damage_And_Injuries
8269,Highly_Fatal_And_Damaging
8277,Highly_Fatal_And_Damaging
8287,Highly_Fatal_And_Damaging
8294,Significant_Damage_And_Fatalities
8297,Significant_Damage_And_Fatalities
8314,Minor_Damage_And_Injuries
8315,Highly_Fatal_And_Damaging
8317,Minor_Damage_And_Injuries
8319,Highly_Fatal_And_Damaging
8322,Highly_Fatal_And_Damaging
8327,Significant_Damage_And_Fatalities
8329,Significant_Damage_And_Fatalities
8336,Significant_Damage_And_Serious_Injuries
8345,Significant_Damage_And_Serious_Injuries
8361,Minor_Damage_And_Injuries
8362,Highly_Fatal_And_Damaging
8365,Minor_Damage_And_Injuries
8369,Minor_Damage_And_Injuries
8372,Highly_Fatal_And_Damaging
8374,Significant_Damage_And_Fatalities
8376,Minor_Damage_And_Injuries
8377,Highly_Fatal_And_Damaging
8388,Significant_Damage_And_Fatalities
8389,Minor_Damage_And_Injuries
8390,Highly_Fatal_And_Damaging
8395,Significant_Damage_And_Fatalities
8402,Significant_Damage_And_Fatalities
8412,Minor_Damage_And_Injuries
8419,Significant_Damage_And_Fatalities
8426,Highly_Fatal_And_Damaging
8428,Minor_Damage_And_Injuries
8429,Significant_Damage_And_Fatalities
8431,Significant_Damage_And_Fatalities
8450,Highly_Fatal_And_Damaging
8456,Highly_Fatal_And_Damaging
8463,Significant_Damage_And_Fatalities
8490,Highly_Fatal_And_Damaging
8491,Significant_Damage_And_Fatalities
8496,Significant_Damage_And_Fatalities
8507,Highly_Fatal_And_Damaging
8513,Significant_Damage_And_Fatalities
8517,Highly_Fatal_And_Damaging
8519,Significant_Damage_And_Fatalities
8524,Significant_Damage_And_Fatalities
8542,Highly_Fatal_And_Damaging
8543,Minor_Damage_And_Injuries
8551,Minor_Damage_And_Injuries
8553,Minor_Damage_And_Injuries
8562,Significant_Damage_And_Fatalities
8567,Significant_Damage_And_Fatalities
8571,Significant_Damage_And_Fatalities
8574,Highly_Fatal_And_Damaging
8575,Significant_Damage_And_Fatalities
8576,Highly_Fatal_And_Damaging
8586,Significant_Damage_And_Fatalities
8587,Highly_Fatal_And_Damaging
8590,Highly_Fatal_And_Damaging
8594,Minor_Damage_And_Injuries
8596,Significant_Damage_And_Serious_Injuries
8599,Highly_Fatal_And_Damaging
8604,Highly_Fatal_And_Damaging
8606,Significant_Damage_And_Fatalities
8620,Highly_Fatal_And_Damaging
8623,Minor_Damage_And_Injuries
8643,Highly_Fatal_And_Damaging
8652,Minor_Damage_And_Injuries
8653,Significant_Damage_And_Fatalities
8655,Significant_Damage_And_Fatalities
8657,Significant_Damage_And_Serious_Injuries
8663,Significant_Damage_And_Fatalities
8665,Minor_Damage_And_Injuries
8685,Highly_Fatal_And_Damaging
8715,Significant_Damage_And_Serious_Injuries
8719,Significant_Damage_And_Fatalities
8724,Minor_Damage_And_Injuries
8725,Highly_Fatal_And_Damaging
8726,Minor_Damage_And_Injuries
8728,Significant_Damage_And_Serious_Injuries
8729,Highly_Fatal_And_Damaging
8730,Highly_Fatal_And_Damaging
8737,Significant_Damage_And_Serious_Injuries
8743,Significant_Damage_And_Serious_Injuries
8744,Significant_Damage_And_Fatalities
8747,Significant_Damage_And_Fatalities
8749,Highly_Fatal_And_Damaging
8751,Highly_Fatal_And_Damaging
8754,Highly_Fatal_And_Damaging
8756,Minor_Damage_And_Injuries
8759,Significant_Damage_And_Fatalities
8767,Highly_Fatal_And_Damaging
8772,Highly_Fatal_And_Damaging
8773,Significant_Damage_And_Fatalities
8776,Significant_Damage_And_Serious_Injuries
8780,Significant_Damage_And_Serious_Injuries
8781,Significant_Damage_And_Fatalities
8786,Highly_Fatal_And_Damaging
8791,Highly_Fatal_And_Damaging
8793,Significant_Damage_And_Serious_Injuries
8796,Highly_Fatal_And_Damaging
8798,Significant_Damage_And_Fatalities
8804,Minor_Damage_And_Injuries
8812,Minor_Damage_And_Injuries
8815,Highly_Fatal_And_Damaging
8862,Minor_Damage_And_Injuries
8867,Highly_Fatal_And_Damaging
8870,Significant_Damage_And_Fatalities
8873,Highly_Fatal_And_Damaging
8875,Highly_Fatal_And_Damaging
8881,Minor_Damage_And_Injuries
8882,Minor_Damage_And_Injuries
8901,Highly_Fatal_And_Damaging
8903,Minor_Damage_And_Injuries
8905,Significant_Damage_And_Serious_Injuries
8908,Significant_Damage_And_Serious_Injuries
8909,Highly_Fatal_And_Damaging
8913,Highly_Fatal_And_Damaging
8916,Highly_Fatal_And_Damaging
8931,Highly_Fatal_And_Damaging
8936,Significant_Damage_And_Serious_Injuries
8943,Highly_Fatal_And_Damaging
8944,Significant_Damage_And_Serious_Injuries
8961,Minor_Damage_And_Injuries
8970,Significant_Damage_And_Fatalities
8976,Significant_Damage_And_Fatalities
8983,Significant_Damage_And_Fatalities
8989,Significant_Damage_And_Serious_Injuries
8998,Highly_Fatal_And_Damaging
8999,Significant_Damage_And_Fatalities
9002,Highly_Fatal_And_Damaging
9013,Minor_Damage_And_Injuries
9014,Significant_Damage_And_Fatalities
9018,Significant_Damage_And_Fatalities
9026,Significant_Damage_And_Fatalities
9027,Highly_Fatal_And_Damaging
9033,Highly_Fatal_And_Damaging
9035,Highly_Fatal_And_Damaging
9040,Significant_Damage_And_Fatalities
9047,Minor_Damage_And_Injuries
9049,Highly_Fatal_And_Damaging
9051,Significant_Damage_And_Fatalities
9057,Significant_Damage_And_Fatalities
9072,Highly_Fatal_And_Damaging
9078,Minor_Damage_And_Injuries
9080,Highly_Fatal_And_Damaging
9081,Significant_Damage_And_Fatalities
9083,Significant_Damage_And_Fatalities
9088,Highly_Fatal_And_Damaging
9089,Highly_Fatal_And_Damaging
9109,Highly_Fatal_And_Damaging
9111,Highly_Fatal_And_Damaging
9113,Highly_Fatal_And_Damaging
9117,Minor_Damage_And_Injuries
9119,Highly_Fatal_And_Damaging
9123,Highly_Fatal_And_Damaging
9127,Highly_Fatal_And_Damaging
9135,Highly_Fatal_And_Damaging
9139,Highly_Fatal_And_Damaging
9143,Minor_Damage_And_Injuries
9148,Minor_Damage_And_Injuries
9160,Highly_Fatal_And_Damaging
9166,Highly_Fatal_And_Damaging
9176,Highly_Fatal_And_Damaging
9177,Significant_Damage_And_Serious_Injuries
9178,Highly_Fatal_And_Damaging
9181,Significant_Damage_And_Fatalities
9185,Highly_Fatal_And_Damaging
9187,Minor_Damage_And_Injuries
9192,Minor_Damage_And_Injuries
9200,Significant_Damage_And_Fatalities
9212,Minor_Damage_And_Injuries
9219,Highly_Fatal_And_Damaging
9230,Significant_Damage_And_Serious_Injuries
9231,Significant_Damage_And_Fatalities
9232,Significant_Damage_And_Fatalities
9239,Highly_Fatal_And_Damaging
9242,Highly_Fatal_And_Damaging
9245,Minor_Damage_And_Injuries
9247,Highly_Fatal_And_Damaging
9250,Highly_Fatal_And_Damaging
9252,Minor_Damage_And_Injuries
9257,Significant_Damage_And_Serious_Injuries
9260,Significant_Damage_And_Serious_Injuries
9264,Highly_Fatal_And_Damaging
9266,Highly_Fatal_And_Damaging
9270,Highly_Fatal_And_Damaging
9274,Significant_Damage_And_Serious_Injuries
9279,Highly_Fatal_And_Damaging
9281,Significant_Damage_And_Fatalities
9282,Significant_Damage_And_Serious_Injuries
9283,Highly_Fatal_And_Damaging
9292,Significant_Damage_And_Fatalities
9300,Minor_Damage_And_Injuries
9302,Minor_Damage_And_Injuries
9303,Highly_Fatal_And_Damaging
9308,Highly_Fatal_And_Damaging
9313,Minor_Damage_And_Injuries
9321,Highly_Fatal_And_Damaging
9324,Significant_Damage_And_Serious_Injuries
9333,Minor_Damage_And_Injuries
9340,Highly_Fatal_And_Damaging
9349,Highly_Fatal_And_Damaging
9351,Minor_Damage_And_Injuries
9352,Highly_Fatal_And_Damaging
9353,Significant_Damage_And_Fatalities
9359,Significant_Damage_And_Fatalities
9363,Highly_Fatal_And_Damaging
9365,Highly_Fatal_And_Damaging
9373,Significant_Damage_And_Serious_Injuries
9377,Significant_Damage_And_Serious_Injuries
9383,Significant_Damage_And_Fatalities
9389,Significant_Damage_And_Serious_Injuries
9392,Highly_Fatal_And_Damaging
9400,Significant_Damage_And_Fatalities
9401,Significant_Damage_And_Serious_Injuries
9407,Minor_Damage_And_Injuries
9408,Minor_Damage_And_Injuries
9417,Highly_Fatal_And_Damaging
9423,Highly_Fatal_And_Damaging
9424,Highly_Fatal_And_Damaging
9430,Significant_Damage_And_Serious_Injuries
9449,Highly_Fatal_And_Damaging
9452,Minor_Damage_And_Injuries
9453,Significant_Damage_And_Serious_Injuries
9456,Highly_Fatal_And_Damaging
9461,Significant_Damage_And_Fatalities
9463,Highly_Fatal_And_Damaging
9465,Minor_Damage_And_Injuries
9471,Minor_Damage_And_Injuries
9484,Significant_Damage_And_Serious_Injuries
9489,Significant_Damage_And_Fatalities
9495,Significant_Damage_And_Fatalities
9508,Significant_Damage_And_Fatalities
9515,Highly_Fatal_And_Damaging
9521,Significant_Damage_And_Fatalities
9528,Minor_Damage_And_Injuries
9534,Highly_Fatal_And_Damaging
9539,Highly_Fatal_And_Damaging
9540,Highly_Fatal_And_Damaging
9553,Significant_Damage_And_Fatalities
9557,Significant_Damage_And_Fatalities
9565,Significant_Damage_And_Fatalities
9572,Minor_Damage_And_Injuries
9583,Highly_Fatal_And_Damaging
9584,Highly_Fatal_And_Damaging
9585,Significant_Damage_And_Fatalities
9588,Significant_Damage_And_Serious_Injuries
9591,Highly_Fatal_And_Damaging
9595,Highly_Fatal_And_Damaging
9602,Significant_Damage_And_Fatalities
9612,Highly_Fatal_And_Damaging
9615,Significant_Damage_And_Serious_Injuries
9622,Significant_Damage_And_Fatalities
9632,Significant_Damage_And_Fatalities
9636,Significant_Damage_And_Fatalities
9640,Highly_Fatal_And_Damaging
9641,Highly_Fatal_And_Damaging
9648,Significant_Damage_And_Serious_Injuries
9659,Highly_Fatal_And_Damaging
9667,Minor_Damage_And_Injuries
9669,Significant_Damage_And_Fatalities
9672,Minor_Damage_And_Injuries
9689,Significant_Damage_And_Serious_Injuries
9694,Significant_Damage_And_Fatalities
9695,Highly_Fatal_And_Damaging
9696,Significant_Damage_And_Fatalities
9699,Minor_Damage_And_Injuries
9717,Significant_Damage_And_Fatalities
9720,Highly_Fatal_And_Damaging
9721,Significant_Damage_And_Serious_Injuries
9729,Significant_Damage_And_Fatalities
9736,Highly_Fatal_And_Damaging
9740,Minor_Damage_And_Injuries
9746,Highly_Fatal_And_Damaging
9748,Minor_Damage_And_Injuries
9750,Minor_Damage_And_Injuries
9751,Significant_Damage_And_Fatalities
9755,Highly_Fatal_And_Damaging
9757,Highly_Fatal_And_Damaging
9759,Minor_Damage_And_Injuries
9761,Highly_Fatal_And_Damaging
9770,Minor_Damage_And_Injuries
9778,Minor_Damage_And_Injuries
9779,Minor_Damage_And_Injuries
9783,Minor_Damage_And_Injuries
9784,Minor_Damage_And_Injuries
9791,Highly_Fatal_And_Damaging
9798,Significant_Damage_And_Serious_Injuries
9804,Highly_Fatal_And_Damaging
9809,Significant_Damage_And_Fatalities
9811,Minor_Damage_And_Injuries
9817,Minor_Damage_And_Injuries
9818,Highly_Fatal_And_Damaging
9819,Highly_Fatal_And_Damaging
9820,Highly_Fatal_And_Damaging
9838,Significant_Damage_And_Fatalities
9840,Significant_Damage_And_Serious_Injuries
9856,Minor_Damage_And_Injuries
9858,Minor_Damage_And_Injuries
9861,Highly_Fatal_And_Damaging
9864,Highly_Fatal_And_Damaging
9866,Highly_Fatal_And_Damaging
9889,Highly_Fatal_And_Damaging
9890,Minor_Damage_And_Injuries
9894,Significant_Damage_And_Fatalities
9896,Minor_Damage_And_Injuries
9900,Highly_Fatal_And_Damaging
9901,Significant_Damage_And_Fatalities
9903,Highly_Fatal_And_Damaging
9905,Significant_Damage_And_Serious_Injuries
9906,Significant_Damage_And_Serious_Injuries
9912,Significant_Damage_And_Fatalities
9913,Minor_Damage_And_Injuries
9915,Highly_Fatal_And_Damaging
9918,Highly_Fatal_And_Damaging
9919,Highly_Fatal_And_Damaging
9920,Minor_Damage_And_Injuries
9924,Highly_Fatal_And_Damaging
9925,Minor_Damage_And_Injuries
9930,Highly_Fatal_And_Damaging
9936,Highly_Fatal_And_Damaging
9939,Significant_Damage_And_Fatalities
9945,Significant_Damage_And_Fatalities
9947,Highly_Fatal_And_Damaging
9948,Significant_Damage_And_Fatalities
9956,Highly_Fatal_And_Damaging
9963,Highly_Fatal_And_Damaging
9965,Significant_Damage_And_Serious_Injuries
9969,Highly_Fatal_And_Damaging
9972,Significant_Damage_And_Serious_Injuries
9980,Significant_Damage_And_Fatalities
9985,Highly_Fatal_And_Damaging
9991,Highly_Fatal_And_Damaging
9999,Minor_Damage_And_Injuries
10000,Highly_Fatal_And_Damaging
10002,Significant_Damage_And_Fatalities
10004,Minor_Damage_And_Injuries
10006,Significant_Damage_And_Fatalities
10008,Significant_Damage_And_Fatalities
10024,Significant_Damage_And_Fatalities
10032,Minor_Damage_And_Injuries
10038,Significant_Damage_And_Serious_Injuries
10054,Minor_Damage_And_Injuries
10057,Highly_Fatal_And_Damaging
10062,Highly_Fatal_And_Damaging
10069,Highly_Fatal_And_Damaging
10074,Minor_Damage_And_Injuries
10085,Highly_Fatal_And_Damaging
10086,Significant_Damage_And_Fatalities
10089,Minor_Damage_And_Injuries
10092,Highly_Fatal_And_Damaging
10102,Significant_Damage_And_Fatalities
10104,Highly_Fatal_And_Damaging
10112,Highly_Fatal_And_Damaging
10114,Significant_Damage_And_Serious_Injuries
10129,Highly_Fatal_And_Damaging
10134,Highly_Fatal_And_Damaging
10138,Highly_Fatal_And_Damaging
10145,Highly_Fatal_And_Damaging
10152,Significant_Damage_And_Fatalities
10156,Significant_Damage_And_Serious_Injuries
10171,Significant_Damage_And_Fatalities
10182,Minor_Damage_And_Injuries
10183,Minor_Damage_And_Injuries
10185,Minor_Damage_And_Injuries
10194,Highly_Fatal_And_Damaging
10199,Minor_Damage_And_Injuries
10212,Significant_Damage_And_Fatalities
10220,Significant_Damage_And_Fatalities
10222,Minor_Damage_And_Injuries
10233,Significant_Damage_And_Fatalities
10235,Highly_Fatal_And_Damaging
10236,Significant_Damage_And_Serious_Injuries
10243,Minor_Damage_And_Injuries
10247,Highly_Fatal_And_Damaging
10251,Highly_Fatal_And_Damaging
10253,Significant_Damage_And_Fatalities
10263,Highly_Fatal_And_Damaging
10273,Significant_Damage_And_Serious_Injuries
10276,Significant_Damage_And_Serious_Injuries
10282,Highly_Fatal_And_Damaging
10291,Highly_Fatal_And_Damaging
10298,Significant_Damage_And_Fatalities
10300,Minor_Damage_And_Injuries
10303,Significant_Damage_And_Fatalities
10306,Significant_Damage_And_Serious_Injuries
10307,Minor_Damage_And_Injuries
10310,Minor_Damage_And_Injuries
10316,Minor_Damage_And_Injuries
10324,Significant_Damage_And_Fatalities
10325,Highly_Fatal_And_Damaging
10331,Minor_Damage_And_Injuries
10332,Minor_Damage_And_Injuries
10338,Minor_Damage_And_Injuries
10351,Highly_Fatal_And_Damaging
10358,Significant_Damage_And_Serious_Injuries
10359,Significant_Damage_And_Serious_Injuries
10360,Minor_Damage_And_Injuries
10366,Highly_Fatal_And_Damaging
10372,Highly_Fatal_And_Damaging
10374,Significant_Damage_And_Serious_Injuries
10390,Significant_Damage_And_Serious_Injuries
10400,Significant_Damage_And_Fatalities
10404,Highly_Fatal_And_Damaging
10406,Significant_Damage_And_Fatalities
10425,Significant_Damage_And_Fatalities
10442,Highly_Fatal_And_Damaging
10452,Significant_Damage_And_Fatalities
10465,Highly_Fatal_And_Damaging
10467,Significant_Damage_And_Fatalities
10480,Minor_Damage_And_Injuries
10483,Highly_Fatal_And_Damaging
10486,Minor_Damage_And_Injuries
10490,Minor_Damage_And_Injuries
10491,Significant_Damage_And_Serious_Injuries
10495,Minor_Damage_And_Injuries
10496,Significant_Damage_And_Fatalities
10504,Highly_Fatal_And_Damaging
10506,Minor_Damage_And_Injuries
10508,Highly_Fatal_And_Damaging
10514,Highly_Fatal_And_Damaging
10515,Significant_Damage_And_Fatalities
10517,Highly_Fatal_And_Damaging
10518,Highly_Fatal_And_Damaging
10520,Highly_Fatal_And_Damaging
10527,Highly_Fatal_And_Damaging
10535,Minor_Damage_And_Injuries
10536,Highly_Fatal_And_Damaging
10547,Significant_Damage_And_Fatalities
10553,Significant_Damage_And_Serious_Injuries
10555,Minor_Damage_And_Injuries
10556,Significant_Damage_And_Fatalities
10557,Highly_Fatal_And_Damaging
10560,Significant_Damage_And_Fatalities
10572,Highly_Fatal_And_Damaging
10573,Significant_Damage_And_Serious_Injuries
10582,Highly_Fatal_And_Damaging
10587,Highly_Fatal_And_Damaging
10588,Significant_Damage_And_Fatalities
10596,Significant_Damage_And_Fatalities
10600,Highly_Fatal_And_Damaging
10601,Significant_Damage_And_Serious_Injuries
10604,Highly_Fatal_And_Damaging
10607,Minor_Damage_And_Injuries
10613,Highly_Fatal_And_Damaging
10618,Highly_Fatal_And_Damaging
10621,Highly_Fatal_And_Damaging
10624,Highly_Fatal_And_Damaging
10633,Significant_Damage_And_Serious_Injuries
10638,Significant_Damage_And_Fatalities
10640,Highly_Fatal_And_Damaging
10644,Minor_Damage_And_Injuries
10647,Highly_Fatal_And_Damaging
10653,Minor_Damage_And_Injuries
10657,Highly_Fatal_And_Damaging
10658,Highly_Fatal_And_Damaging
10670,Significant_Damage_And_Serious_Injuries
10674,Minor_Damage_And_Injuries
10685,Highly_Fatal_And_Damaging
10687,Highly_Fatal_And_Damaging
10691,Significant_Damage_And_Fatalities
10692,Highly_Fatal_And_Damaging
10698,Minor_Damage_And_Injuries
10699,Significant_Damage_And_Fatalities
10702,Highly_Fatal_And_Damaging
10711,Significant_Damage_And_Serious_Injuries
10713,Significant_Damage_And_Fatalities
10718,Highly_Fatal_And_Damaging
10729,Highly_Fatal_And_Damaging
10733,Significant_Damage_And_Serious_Injuries
10736,Significant_Damage_And_Fatalities
10737,Significant_Damage_And_Serious_Injuries
10740,Highly_Fatal_And_Damaging
10746,Minor_Damage_And_Injuries
10748,Significant_Damage_And_Serious_Injuries
10749,Highly_Fatal_And_Damaging
10750,Highly_Fatal_And_Damaging
10751,Highly_Fatal_And_Damaging
10753,Highly_Fatal_And_Damaging
10776,Significant_Damage_And_Serious_Injuries
10781,Significant_Damage_And_Serious_Injuries
10786,Minor_Damage_And_Injuries
10792,Highly_Fatal_And_Damaging
10798,Minor_Damage_And_Injuries
10799,Significant_Damage_And_Fatalities
10808,Highly_Fatal_And_Damaging
10809,Highly_Fatal_And_Damaging
10810,Significant_Damage_And_Serious_Injuries
10812,Significant_Damage_And_Fatalities
10813,Significant_Damage_And_Fatalities
10815,Significant_Damage_And_Serious_Injuries
10819,Highly_Fatal_And_Damaging
10821,Highly_Fatal_And_Damaging
10826,Minor_Damage_And_Injuries
10832,Minor_Damage_And_Injuries
10836,Significant_Damage_And_Serious_Injuries
10846,Highly_Fatal_And_Damaging
10853,Highly_Fatal_And_Damaging
10854,Significant_Damage_And_Serious_Injuries
10866,Highly_Fatal_And_Damaging
10867,Minor_Damage_And_Injuries
10875,Highly_Fatal_And_Damaging
10882,Minor_Damage_And_Injuries
10892,Significant_Damage_And_Fatalities
10895,Highly_Fatal_And_Damaging
10915,Highly_Fatal_And_Damaging
10921,Significant_Damage_And_Fatalities
10926,Highly_Fatal_And_Damaging
10927,Highly_Fatal_And_Damaging
10934,Minor_Damage_And_Injuries
10936,Minor_Damage_And_Injuries
10938,Highly_Fatal_And_Damaging
10941,Highly_Fatal_And_Damaging
10953,Highly_Fatal_And_Damaging
10956,Highly_Fatal_And_Damaging
10957,Minor_Damage_And_Injuries
10959,Highly_Fatal_And_Damaging
10960,Highly_Fatal_And_Damaging
10963,Minor_Damage_And_Injuries
10970,Significant_Damage_And_Fatalities
10981,Significant_Damage_And_Fatalities
10982,Significant_Damage_And_Serious_Injuries
10984,Highly_Fatal_And_Damaging
10988,Significant_Damage_And_Serious_Injuries
10996,Significant_Damage_And_Fatalities
11002,Significant_Damage_And_Fatalities
11011,Highly_Fatal_And_Damaging
11017,Highly_Fatal_And_Damaging
11019,Minor_Damage_And_Injuries
11024,Highly_Fatal_And_Damaging
11029,Highly_Fatal_And_Damaging
11030,Highly_Fatal_And_Damaging
11032,Minor_Damage_And_Injuries
11036,Minor_Damage_And_Injuries
11037,Highly_Fatal_And_Damaging
11040,Highly_Fatal_And_Damaging
11043,Significant_Damage_And_Fatalities
11051,Significant_Damage_And_Fatalities
11055,Highly_Fatal_And_Damaging
11056,Highly_Fatal_And_Damaging
11059,Significant_Damage_And_Serious_Injuries
11063,Highly_Fatal_And_Damaging
11067,Highly_Fatal_And_Damaging
11069,Highly_Fatal_And_Damaging
11080,Highly_Fatal_And_Damaging
11082,Highly_Fatal_And_Damaging
11083,Significant_Damage_And_Fatalities
11095,Minor_Damage_And_Injuries
11102,Highly_Fatal_And_Damaging
11114,Minor_Damage_And_Injuries
11115,Highly_Fatal_And_Damaging
11122,Minor_Damage_And_Injuries
11125,Highly_Fatal_And_Damaging
11132,Highly_Fatal_And_Damaging
11140,Significant_Damage_And_Fatalities
11147,Highly_Fatal_And_Damaging
11148,Significant_Damage_And_Fatalities
11151,Significant_Damage_And_Fatalities
11156,Significant_Damage_And_Fatalities
11168,Minor_Damage_And_Injuries
11174,Highly_Fatal_And_Damaging
11175,Minor_Damage_And_Injuries
11180,Significant_Damage_And_Serious_Injuries
11189,Significant_Damage_And_Serious_Injuries
11193,Significant_Damage_And_Serious_Injuries
11196,Highly_Fatal_And_Damaging
11197,Significant_Damage_And_Fatalities
11198,Highly_Fatal_And_Damaging
11199,Highly_Fatal_And_Damaging
11204,Minor_Damage_And_Injuries
11211,Significant_Damage_And_Serious_Injuries
11225,Highly_Fatal_And_Damaging
11235,Highly_Fatal_And_Damaging
11239,Significant_Damage_And_Fatalities
11241,Significant_Damage_And_Fatalities
11250,Highly_Fatal_And_Damaging
11251,Significant_Damage_And_Serious_Injuries
11254,Significant_Damage_And_Fatalities
11260,Highly_Fatal_And_Damaging
11261,Highly_Fatal_And_Damaging
11263,Highly_Fatal_And_Damaging
11267,Highly_Fatal_And_Damaging
11270,Significant_Damage_And_Serious_Injuries
11272,Minor_Damage_And_Injuries
11275,Significant_Damage_And_Fatalities
11276,Minor_Damage_And_Injuries
11280,Significant_Damage_And_Serious_Injuries
11282,Significant_Damage_And_Serious_Injuries
11287,Highly_Fatal_And_Damaging
11289,Significant_Damage_And_Serious_Injuries
11291,Highly_Fatal_And_Damaging
11293,Highly_Fatal_And_Damaging
11297,Highly_Fatal_And_Damaging
11301,Significant_Damage_And_Serious_Injuries
11308,Significant_Damage_And_Fatalities
11309,Highly_Fatal_And_Damaging
11310,Highly_Fatal_And_Damaging
11311,Highly_Fatal_And_Damaging
11312,Highly_Fatal_And_Damaging
11315,Minor_Damage_And_Injuries
11317,Highly_Fatal_And_Damaging
11326,Significant_Damage_And_Fatalities
11334,Significant_Damage_And_Serious_Injuries
11337,Significant_Damage_And_Serious_Injuries
11339,Highly_Fatal_And_Damaging
11346,Significant_Damage_And_Fatalities
11347,Minor_Damage_And_Injuries
11348,Highly_Fatal_And_Damaging
11352,Significant_Damage_And_Fatalities
11357,Significant_Damage_And_Fatalities
11360,Minor_Damage_And_Injuries
11368,Minor_Damage_And_Injuries
11396,Highly_Fatal_And_Damaging
11405,Highly_Fatal_And_Damaging
11411,Significant_Damage_And_Fatalities
11412,Significant_Damage_And_Serious_Injuries
11414,Significant_Damage_And_Serious_Injuries
11417,Significant_Damage_And_Fatalities
11421,Minor_Damage_And_Injuries
11424,Highly_Fatal_And_Damaging
11428,Significant_Damage_And_Serious_Injuries
11436,Highly_Fatal_And_Damaging
11438,Significant_Damage_And_Fatalities
11439,Significant_Damage_And_Fatalities
11449,Highly_Fatal_And_Damaging
11454,Significant_Damage_And_Fatalities
11456,Significant_Damage_And_Fatalities
11458,Significant_Damage_And_Fatalities
11460,Minor_Damage_And_Injuries
11461,Significant_Damage_And_Serious_Injuries
11467,Significant_Damage_And_Fatalities
11468,Significant_Damage_And_Fatalities
11480,Highly_Fatal_And_Damaging
11485,Minor_Damage_And_Injuries
11486,Highly_Fatal_And_Damaging
11491,Highly_Fatal_And_Damaging
11498,Significant_Damage_And_Fatalities
11501,Minor_Damage_And_Injuries
11502,Minor_Damage_And_Injuries
11506,Highly_Fatal_And_Damaging
11521,Significant_Damage_And_Fatalities
11523,Highly_Fatal_And_Damaging
11524,Highly_Fatal_And_Damaging
11529,Highly_Fatal_And_Damaging
11532,Minor_Damage_And_Injuries
11542,Highly_Fatal_And_Damaging
11555,Minor_Damage_And_Injuries
11559,Significant_Damage_And_Fatalities
11563,Significant_Damage_And_Serious_Injuries
11566,Significant_Damage_And_Fatalities
11572,Significant_Damage_And_Fatalities
11575,Significant_Damage_And_Serious_Injuries
11577,Highly_Fatal_And_Damaging
11579,Significant_Damage_And_Fatalities
11581,Highly_Fatal_And_Damaging
11591,Highly_Fatal_And_Damaging
11594,Highly_Fatal_And_Damaging
11598,Highly_Fatal_And_Damaging
11599,Highly_Fatal_And_Damaging
11601,Minor_Damage_And_Injuries
11602,Highly_Fatal_And_Damaging
11603,Significant_Damage_And_Fatalities
11610,Significant_Damage_And_Fatalities
11611,Highly_Fatal_And_Damaging
11614,Significant_Damage_And_Serious_Injuries
11621,Highly_Fatal_And_Damaging
11625,Minor_Damage_And_Injuries
11632,Significant_Damage_And_Serious_Injuries
11633,Highly_Fatal_And_Damaging
11639,Significant_Damage_And_Fatalities
11643,Significant_Damage_And_Fatalities
11647,Highly_Fatal_And_Damaging
11648,Highly_Fatal_And_Damaging
11650,Significant_Damage_And_Fatalities
11657,Minor_Damage_And_Injuries
11662,Highly_Fatal_And_Damaging
11667,Highly_Fatal_And_Damaging
11681,Significant_Damage_And_Serious_Injuries
11687,Highly_Fatal_And_Damaging
11691,Significant_Damage_And_Serious_Injuries
11707,Significant_Damage_And_Serious_Injuries
11708,Minor_Damage_And_Injuries
11722,Significant_Damage_And_Fatalities
11726,Highly_Fatal_And_Damaging
11729,Highly_Fatal_And_Damaging
11735,Significant_Damage_And_Fatalities
11739,Significant_Damage_And_Fatalities
11741,Significant_Damage_And_Fatalities
11748,Significant_Damage_And_Fatalities
11749,Minor_Damage_And_Injuries
11757,Significant_Damage_And_Serious_Injuries
11758,Highly_Fatal_And_Damaging
11765,Significant_Damage_And_Fatalities
11766,Significant_Damage_And_Fatalities
11770,Minor_Damage_And_Injuries
11772,Significant_Damage_And_Fatalities
11778,Significant_Damage_And_Fatalities
11786,Highly_Fatal_And_Damaging
11789,Minor_Damage_And_Injuries
11797,Highly_Fatal_And_Damaging
11800,Significant_Damage_And_Serious_Injuries
11804,Highly_Fatal_And_Damaging
11810,Significant_Damage_And_Serious_Injuries
11842,Highly_Fatal_And_Damaging
11843,Highly_Fatal_And_Damaging
11847,Minor_Damage_And_Injuries
11848,Significant_Damage_And_Serious_Injuries
11849,Highly_Fatal_And_Damaging
11850,Significant_Damage_And_Serious_Injuries
11876,Highly_Fatal_And_Damaging
11879,Significant_Damage_And_Serious_Injuries
11882,Highly_Fatal_And_Damaging
11890,Significant_Damage_And_Serious_Injuries
11894,Minor_Damage_And_Injuries
11897,Significant_Damage_And_Serious_Injuries
11900,Minor_Damage_And_Injuries
11904,Highly_Fatal_And_Damaging
11913,Significant_Damage_And_Fatalities
11933,Highly_Fatal_And_Damaging
11943,Significant_Damage_And_Fatalities
11944,Highly_Fatal_And_Damaging
11949,Highly_Fatal_And_Damaging
11952,Significant_Damage_And_Serious_Injuries
11957,Significant_Damage_And_Fatalities
11960,Significant_Damage_And_Fatalities
11975,Significant_Damage_And_Fatalities
11978,Significant_Damage_And_Fatalities
11983,Minor_Damage_And_Injuries
11990,Significant_Damage_And_Fatalities
12002,Significant_Damage_And_Fatalities
12004,Significant_Damage_And_Fatalities
12011,Significant_Damage_And_Fatalities
12016,Minor_Damage_And_Injuries
12020,Significant_Damage_And_Fatalities
12023,Minor_Damage_And_Injuries
12024,Minor_Damage_And_Injuries
12025,Significant_Damage_And_Fatalities
12045,Highly_Fatal_And_Damaging
12051,Significant_Damage_And_Serious_Injuries
12054,Highly_Fatal_And_Damaging
12055,Highly_Fatal_And_Damaging
12060,Significant_Damage_And_Fatalities
12065,Significant_Damage_And_Serious_Injuries
12068,Highly_Fatal_And_Damaging
12069,Highly_Fatal_And_Damaging
12070,Minor_Damage_And_Injuries
12072,Significant_Damage_And_Fatalities
12079,Significant_Damage_And_Serious_Injuries
12080,Highly_Fatal_And_Damaging
12086,Significant_Damage_And_Serious_Injuries
12096,Minor_Damage_And_Injuries
12105,Highly_Fatal_And_Damaging
12106,Highly_Fatal_And_Damaging
12107,Highly_Fatal_And_Damaging
12121,Significant_Damage_And_Fatalities
12125,Significant_Damage_And_Fatalities
12133,Highly_Fatal_And_Damaging
12134,Minor_Damage_And_Injuries
12150,Highly_Fatal_And_Damaging
12152,Minor_Damage_And_Injuries
12163,Significant_Damage_And_Fatalities
12173,Highly_Fatal_And_Damaging
12186,Minor_Damage_And_Injuries
12188,Significant_Damage_And_Fatalities
12191,Highly_Fatal_And_Damaging
12193,Highly_Fatal_And_Damaging
12196,Significant_Damage_And_Serious_Injuries
12198,Significant_Damage_And_Fatalities
12222,Significant_Damage_And_Fatalities
12224,Minor_Damage_And_Injuries
12225,Highly_Fatal_And_Damaging
12229,Significant_Damage_And_Fatalities
12234,Minor_Damage_And_Injuries
12235,Highly_Fatal_And_Damaging
12236,Highly_Fatal_And_Damaging
12246,Highly_Fatal_And_Damaging
12250,Highly_Fatal_And_Damaging
12263,Highly_Fatal_And_Damaging
12264,Significant_Damage_And_Fatalities
12269,Significant_Damage_And_Serious_Injuries
12277,Significant_Damage_And_Fatalities
12292,Minor_Damage_And_Injuries
12310,Highly_Fatal_And_Damaging
12318,Highly_Fatal_And_Damaging
12329,Significant_Damage_And_Fatalities
12332,Minor_Damage_And_Injuries
12340,Significant_Damage_And_Serious_Injuries
12346,Significant_Damage_And_Serious_Injuries
12353,Highly_Fatal_And_Damaging
12354,Highly_Fatal_And_Damaging
12356,Significant_Damage_And_Fatalities
12366,Minor_Damage_And_Injuries
12367,Highly_Fatal_And_Damaging
12378,Significant_Damage_And_Fatalities
12389,Significant_Damage_And_Serious_Injuries
12390,Significant_Damage_And_Fatalities
12402,Significant_Damage_And_Serious_Injuries
12406,Significant_Damage_And_Serious_Injuries
12412,Highly_Fatal_And_Damaging
12413,Highly_Fatal_And_Damaging
12415,Significant_Damage_And_Fatalities
12420,Highly_Fatal_And_Damaging
12423,Significant_Damage_And_Fatalities
12432,Highly_Fatal_And_Damaging
12433,Highly_Fatal_And_Damaging
12435,Significant_Damage_And_Fatalities
12436,Highly_Fatal_And_Damaging
12437,Highly_Fatal_And_Damaging
12438,Highly_Fatal_And_Damaging
12442,Significant_Damage_And_Fatalities
12444,Highly_Fatal_And_Damaging
12446,Highly_Fatal_And_Damaging
12461,Significant_Damage_And_Fatalities
12473,Minor_Damage_And_Injuries
12474,Highly_Fatal_And_Damaging
12476,Minor_Damage_And_Injuries
12484,Significant_Damage_And_Fatalities
12487,Minor_Damage_And_Injuries
12488,Highly_Fatal_And_Damaging
12491,Significant_Damage_And_Serious_Injuries
12493,Highly_Fatal_And_Damaging
